page,resource_type,author,url,sugya_id,title
2a,audio,Rabbi Aryeh Lebowitz,https://shiurim.yutorah.net/2018/1109/912101.MP3?redirect=download.yutorah.org,,
2a,video,NotebookLM,https://youtu.be/cL56kcTJoaE,1,Chullin 2a: Legal Capacity
2a,video,NotebookLM,https://youtu.be/ALqxgUQZhNw,2,Chullin 2a-b: Meaning of Everyone
2b,audio,Rabbi Aryeh Lebowitz,https://shiurim.yutorah.net/2018/1109/912101.MP3?redirect=download.yutorah.org,,
2b,video,NotebookLM,https://youtu.be/ALqxgUQZhNw,2,Chullin 2a-b: Meaning of Everyone
2b,video,NotebookLM,https://youtu.be/ARcy6o0Kx9U,3,Chullin 2b-3a: Contamination Mechanics
3a,audio,Rabbi Aryeh Lebowitz,https://shiurim.yutorah.net/2026/1109/1174862.MP3?redirect=download.yutorah.org,,
3a,video,NotebookLM,https://youtu.be/ARcy6o0Kx9U,3,Chullin 2b-3a: Contamination Mechanics
3a,video,NotebookLM,https://youtu.be/kBnHAp7kKug,4,Chullin 3a: Trust and Oversight
3a,video,NotebookLM,https://youtu.be/12wJLaHbjXs,5,Chullin 3a-b: Behavioral Audit
3b,audio,Rabbi Aryeh Lebowitz,https://shiurim.yutorah.net/2026/1109/1174862.MP3?redirect=download.yutorah.org,,
3b,video,NotebookLM,https://youtu.be/12wJLaHbjXs,5,Chullin 3a-b: Behavioral Audit
3b,video,NotebookLM,https://youtu.be/TUvOTthRwug,6,Chullin 3b: Mastering Ritual Slaughter
3b,video,NotebookLM,https://youtu.be/gNEUDEOKppM,7,Chullin 3b: Legal Appeal
3b,video,NotebookLM,https://youtu.be/9arx1bdWeBg,8,Chullin 3b-4a: Samaritan Slaughter
4a,audio,Rabbi Aryeh Lebowitz,https://shiurim.yutorah.net/2026/1109/1174986.MP3?redirect=download.yutorah.org,,
4a,video,NotebookLM,https://youtu.be/9arx1bdWeBg,8,Chullin 3b-4a: Samaritan Slaughter
4a,video,NotebookLM,https://youtu.be/8CTpdQPIh0A,9,Chullin 4a: Ancient Bird Audits
4a,video,NotebookLM,https://youtu.be/6vhmqemG8DM,10,Chullin 4a: The Sectarian Dilemma
4a,video,NotebookLM,https://youtu.be/ennx76XlpG4,11,Chullin 4a-b: Behavioral Matrix
4b,audio,Rabbi Aryeh Lebowitz,https://shiurim.yutorah.net/2026/1109/1174986.MP3?redirect=download.yutorah.org,,
4b,video,NotebookLM,https://youtu.be/ennx76XlpG4,11,Chullin 4a-b: Behavioral Matrix
4b,video,NotebookLM,https://youtu.be/O8dp4M49_dM,12,Chullin 4b-5a: The Samaria Dossier
5a,audio,Rabbi Aryeh Lebowitz,https://shiurim.yutorah.net/2026/1109/1175090.MP3?redirect=download.yutorah.org,,
5a,video,NotebookLM,https://youtu.be/O8dp4M49_dM,12,Chullin 4b-5a: The Samaria Dossier
5a,video,NotebookLM,https://youtu.be/dNImICRidQs,13,Chullin 5a: Jurisprudence of Treason
5a,video,NotebookLM,https://youtu.be/CnG2G8o-1qY,14,Chullin 5a-b: Architecture of Atonement
5b,audio,Rabbi Aryeh Lebowitz,https://shiurim.yutorah.net/2026/1109/1175090.MP3?redirect=download.yutorah.org,,
5b,video,NotebookLM,https://youtu.be/CnG2G8o-1qY,14,Chullin 5a-b: Architecture of Atonement
5b,video,NotebookLM,https://youtu.be/DC0ZrO2L7v4,15,Chullin 5b: The Beast Metaphor
5b,video,NotebookLM,https://youtu.be/dsqzg77KWso,16,Chullin 5b: Ancient Memory Archive
5b,video,NotebookLM,https://youtu.be/u_1QCRAZfkw,17,Chullin 5b-6a: Metaphysics of Mistakes
6a,audio,Rabbi Aryeh Lebowitz,https://shiurim.yutorah.net/2026/1109/1175245.MP3?redirect=download.yutorah.org,,
6a,video,NotebookLM,https://youtu.be/u_1QCRAZfkw,17,Chullin 5b-6a: Metaphysics of Mistakes
6a,video,NotebookLM,https://youtu.be/IrLc7eyW3Wc,18,Chullin 6a: The Secret of Mount Gerizim
6a,video,NotebookLM,https://youtu.be/Jz-2nYfjBKI,19,Chullin 6a-b: The Incident at Ya'ei
6b,audio,Rabbi Aryeh Lebowitz,https://shiurim.yutorah.net/2026/1109/1175245.MP3?redirect=download.yutorah.org,,
6b,video,NotebookLM,https://youtu.be/Jz-2nYfjBKI,19,Chullin 6a-b: The Incident at Ya'ei
6b,video,NotebookLM,https://youtu.be/g3lOrpsEv20,20,"Chullin 6b-7a: The Leaf, The Law -- Legacy"
7a,audio,Rabbi Aryeh Lebowitz,https://shiurim.yutorah.net/2026/1109/1175402.MP3?redirect=download.yutorah.org,,
7a,video,NotebookLM,https://youtu.be/g3lOrpsEv20,20,"Chullin 6b-7a: The Leaf, The Law -- Legacy"
7a,video,NotebookLM,https://youtu.be/GxpU2LtQTW4,21,Chullin 7a-b: The Unyielding Sage
7b,video,NotebookLM,https://youtu.be/GxpU2LtQTW4,21,Chullin 7a-b: The Unyielding Sage
8a,audio,Rabbi Aryeh Lebowitz,https://shiurim.yutorah.net/2026/1109/1175575.MP3?redirect=download.yutorah.org,,
8a,video,NotebookLM,https://youtu.be/PJwUQ2Rl5vI,22,Chullin 8a: Thermodynamics of Blade
8a,video,NotebookLM,https://youtu.be/ZckcljJwqDM,23,Chullin 8a-b: Unauthorized Tool Assessment
8b,video,NotebookLM,https://youtu.be/ZckcljJwqDM,23,Chullin 8a-b: Unauthorized Tool Assessment
8b,video,NotebookLM,https://youtu.be/nsFgh6OuDVk,24,Chullin 8b: Contamination Mitigation
8b,video,NotebookLM,https://youtu.be/0U85RHXtfGM,25,Chullin 8b: Thermal Blade Dynamics
8b,video,NotebookLM,https://youtu.be/bwpuMkvRJzk,26,Chullin 8b: Halakhic QC Protocols
8b,video,NotebookLM,https://youtu.be/Io1J5yud4KM,27,Chullin 8b-9a: Lipids & Contamination
9a,audio,Rabbi Aryeh Lebowitz,https://shiurim.yutorah.net/2018/1109/912619.MP3?redirect=download.yutorah.org,,
9a,video,NotebookLM,https://youtu.be/Io1J5yud4KM,27,Chullin 8b-9a: Lipids & Contamination
9a,video,NotebookLM,https://youtu.be/stBgk961-SE,28,Chullin 9a: Scholar Skills Matrix
9a,video,NotebookLM,https://youtu.be/CeZiE6c14rM,29,Chullin 9a: The Master's Toolkit
9a,video,NotebookLM,https://youtu.be/7iglSzlBVyU,30,Chullin 9a: The Halakhic Examiner
9a,video,NotebookLM,https://youtu.be/UJnB4nHBw-Y,31,"Chullin 9a-10a: Ancient Systems, Modern Risk"
9b,video,NotebookLM,https://youtu.be/UJnB4nHBw-Y,31,"Chullin 9a-10a: Ancient Systems, Modern Risk"
10a,audio,Rabbi Aryeh Lebowitz,https://shiurim.yutorah.net/2026/1109/1175691.MP3?redirect=download.yutorah.org,,
10a,video,NotebookLM,https://youtu.be/UJnB4nHBw-Y,31,"Chullin 9a-10a: Ancient Systems, Modern Risk"
10a,video,NotebookLM,https://youtu.be/CjJSKd2Rmos,32,Chullin 10a-b: Root Cause Analysis
10b,video,NotebookLM,https://youtu.be/CjJSKd2Rmos,32,Chullin 10a-b: Root Cause Analysis
10b,video,NotebookLM,https://youtu.be/rMRTo6mjxiI,33,Chullin 10b-11a: Structural Baselines
11a,audio,Rabbi Aryeh Lebowitz,https://shiurim.yutorah.net/2026/1109/1175781.MP3?redirect=download.yutorah.org,,
11a,video,NotebookLM,https://youtu.be/rMRTo6mjxiI,33,Chullin 10b-11a: Structural Baselines
11a,video,NotebookLM,https://youtu.be/4Du2DNkeyfw,34,Chullin 11a-12a: Talmudic Risk Assessment
11b,video,NotebookLM,https://youtu.be/4Du2DNkeyfw,34,Chullin 11a-12a: Talmudic Risk Assessment
12a,audio,Rabbi Aryeh Lebowitz,https://shiurim.yutorah.net/2026/1109/1175885.MP3?redirect=download.yutorah.org,,
12a,video,NotebookLM,https://youtu.be/4Du2DNkeyfw,34,Chullin 11a-12a: Talmudic Risk Assessment
12a,video,NotebookLM,https://youtu.be/nQh1gAqFyAI,35,Chullin 12a-b: Halakhic Audit Protocols
12b,video,NotebookLM,https://youtu.be/nQh1gAqFyAI,35,Chullin 12a-b: Halakhic Audit Protocols
12b,video,NotebookLM,https://youtu.be/w8ulNxrg7To,36,Chullin 12b: Meat Processing SOPs
12b,video,NotebookLM,https://youtu.be/CS-AO7wLv0M,37,Chullin 12b-13a: Cognitive Capacity
13a,audio,Rabbi Aryeh Lebowitz,https://shiurim.yutorah.net/2026/1109/1176017.MP3?redirect=download.yutorah.org,,
13a,video,NotebookLM,https://youtu.be/CS-AO7wLv0M,37,Chullin 12b-13a: Cognitive Capacity
13a,video,NotebookLM,https://youtu.be/1fbFuLJHcyI,38,Chullin 13a: The Jurisprudence of Intent
13a,video,NotebookLM,https://youtu.be/1m3aVzLsgVM,39,Chullin 13a: Autopsy of a Legal Edict -- The Boundaries of Ritual Slaughter
13a,video,NotebookLM,https://youtu.be/4xO-QznODhw,40,Chullin 13a-b: The Gates of the Sanctuary
13b,video,NotebookLM,https://youtu.be/4xO-QznODhw,40,Chullin 13a-b: The Gates of the Sanctuary
13b,video,NotebookLM,https://youtu.be/gGnx7keyBqk,41,Chullin 13b: Pathology of the Sacred
13b,video,NotebookLM,https://youtu.be/amiycMBbxzc,42,Chullin 13b: Tactile Truths
13b,video,NotebookLM,https://youtu.be/LQQPSP9LzLI,43,Chullin 13b: Visibility Regulations
14a,audio,Rabbi Aryeh Lebowitz,https://shiurim.yutorah.net/2026/1109/1176163.MP3?redirect=download.yutorah.org,,
14a,video,NotebookLM,https://youtu.be/0XrgafwBBxk,44,Chullin 14a: The Legal Paradox
14a,video,NotebookLM,https://youtu.be/Pf1mZdhk7Tk,45,Chullin 14a-15a: Sabbath Slaughter Paradox
14b,video,NotebookLM,https://youtu.be/Pf1mZdhk7Tk,45,Chullin 14a-15a: Sabbath Slaughter Paradox
15a,audio,Rabbi Aryeh Lebowitz,https://shiurim.yutorah.net/2026/1109/1176379.MP3?redirect=download.yutorah.org,,
15a,video,NotebookLM,https://youtu.be/Pf1mZdhk7Tk,45,Chullin 14a-15a: Sabbath Slaughter Paradox
15a,video,NotebookLM,https://youtu.be/2LbhbiCebZM,46,Chullin 15a-b: Triage & Shabbat Law
15b,video,NotebookLM,https://youtu.be/2LbhbiCebZM,46,Chullin 15a-b: Triage & Shabbat Law
15b,video,NotebookLM,https://youtu.be/UHKOBaLeQIk,47,Chullin 15b: Precision Edge Dynamics
15b,video,NotebookLM,https://youtu.be/3Ga4ahgjce8,48,Chullin 15b-16a: Halakhic Engineering
16a,audio,Rabbi Aryeh Lebowitz,https://shiurim.yutorah.net/2018/1109/913123.MP3?redirect=download.yutorah.org,,
16a,video,NotebookLM,https://youtu.be/3Ga4ahgjce8,48,Chullin 15b-16a: Halakhic Engineering
16a,video,NotebookLM,https://youtu.be/MtS_ePNfvpY,49,Chullin 16a: Kinetic Causality
16a,video,NotebookLM,https://youtu.be/weaJ46lWGqc,50,Chullin 16a: Talmudic Peer Review
16a,video,NotebookLM,https://youtu.be/H89pRVHpczc,51,Chullin 16a-b: The Halakhic Architect
16b,video,NotebookLM,https://youtu.be/H89pRVHpczc,51,Chullin 16a-b: The Halakhic Architect
16b,video,NotebookLM,https://youtu.be/wn8BeTgK5gQ,52,Chullin 16b: Halakhic Physics
16b,video,NotebookLM,https://youtu.be/Uu9n2FQvMUE,53,Chullin 16b: Biomaterial Safety
16b,video,NotebookLM,https://youtu.be/_H3D5kSLJdA,54,Chullin 16b-17a: Geospatial Dietary Law
17a,audio,Rabbi Aryeh Lebowitz,https://shiurim.yutorah.net/2026/1109/1176446.MP3?redirect=download.yutorah.org,,
17a,video,NotebookLM,https://youtu.be/_H3D5kSLJdA,54,Chullin 16b-17a: Geospatial Dietary Law
17a,video,NotebookLM,https://youtu.be/rZC6uBJMPUE,55,Chullin 17a: Battlefield Rations
17a,video,NotebookLM,https://youtu.be/id87NmYv_GY,56,Chullin 17a: Syntactic Paradigm Shift
17a,video,NotebookLM,https://youtu.be/dfgfeIYzyIY,57,Chullin 17a-b: Tool Marks
17b,video,NotebookLM,https://youtu.be/dfgfeIYzyIY,57,Chullin 17a-b: Tool Marks
17b,video,NotebookLM,https://youtu.be/U0kghDEfEpE,58,Chullin 17b: Ancient Blade Quality Control
17b,video,NotebookLM,https://youtu.be/UJB_eJ_N7MM,59,Chullin 17b-18a: The Universal Defect
18a,audio,Rabbi Aryeh Lebowitz,https://shiurim.yutorah.net/2026/1109/1176562.MP3?redirect=download.yutorah.org,,
18a,video,NotebookLM,https://youtu.be/UJB_eJ_N7MM,59,Chullin 17b-18a: The Universal Defect
18a,video,NotebookLM,https://youtu.be/aR5kfbJkNVM,60,Chullin 18a: The Anatomy of a Verdict: Food Safety  -- Financial Ruin
18a,video,NotebookLM,https://youtu.be/NnhMFVtaUCA,61,Chullin 18a: The Autopsy of a Flawed Cut
18a,video,NotebookLM,https://youtu.be/3sGihOWnR1s,62,Chullin 18a: Edge of the Sickle
18a,video,NotebookLM,https://youtu.be/5GcH_pgoc7c,63,Chullin 18a: Lexical Precision
18a,video,NotebookLM,https://youtu.be/KZ484_WVmQw,64,Chullin 18a: Halakhic Surgery
18a,video,NotebookLM,https://youtu.be/B06tQwZUNNw,65,Chullin 18a-19a: Geometry of a Cut
18b,video,NotebookLM,https://youtu.be/B06tQwZUNNw,65,Chullin 18a-19a: Geometry of a Cut
19a,audio,Rabbi Aryeh Lebowitz,https://shiurim.yutorah.net/2026/1109/1176648.MP3?redirect=download.yutorah.org,,
19a,video,NotebookLM,https://youtu.be/B06tQwZUNNw,65,Chullin 18a-19a: Geometry of a Cut
19a,video,NotebookLM,https://youtu.be/BiaQjefZXvQ,66,Chullin 19a: The Diverted Knife
19a,video,NotebookLM,https://youtu.be/E2uuYcaMo88,67,Chullin 19a: Halakhic Geometry
19a,video,NotebookLM,https://youtu.be/H_xTypgQnMI,68,Chullin 19b: Algorithms of the Blade
19b,video,NotebookLM,https://youtu.be/H_xTypgQnMI,68,Chullin 19b: Algorithms of the Blade
19b,video,NotebookLM,https://youtu.be/TLzJF3Q3TrY,69,Chullin 19b: Spatial Geometry of Ritual
19b,video,NotebookLM,https://youtu.be/GSwMBzINPxc,70,Chullin 19b: Mapping the Oref Anatomy
19b,video,NotebookLM,https://youtu.be/PHJ2dvx5sRk,71,Chullin 19b-20a: Biomechanics of Melika
20a,audio,Rabbi Aryeh Lebowitz,https://shiurim.yutorah.net/2026/1109/1176765.MP3?redirect=download.yutorah.org,,
20a,video,NotebookLM,https://youtu.be/PHJ2dvx5sRk,71,Chullin 19b-20a: Biomechanics of Melika
20a,video,NotebookLM,https://youtu.be/w40zOcvYrvI,72,Chullin 20a-b: Avian Ritual Cartography
20b,video,NotebookLM,https://youtu.be/w40zOcvYrvI,72,Chullin 20a-b: Avian Ritual Cartography
20b,video,NotebookLM,https://youtu.be/LbFYm_I6HII,73,Chullin 20b-21a: Anatomy of a Paradox
21a,audio,Rabbi Aryeh Lebowitz,https://shiurim.yutorah.net/2026/1109/1176912.MP3?redirect=download.yutorah.org,,
21a,video,NotebookLM,https://youtu.be/LbFYm_I6HII,73,Chullin 20b-21a: Anatomy of a Paradox
21a,video,NotebookLM,https://youtu.be/reg9OQ6lClA,74,Chullin 21a: Halakhic Threshold
21a,video,NotebookLM,https://youtu.be/irhmvDSNvr4,75,Chullin 21a: Morphology of Mortality
21a,video,NotebookLM,https://youtu.be/fk4bn-QQsBM,76,Chullin 21a-22a: Sacrifice Algorithm
21b,video,NotebookLM,https://youtu.be/fk4bn-QQsBM,76,Chullin 21a-22a: Sacrifice Algorithm
22a,audio,Rabbi Aryeh Lebowitz,https://shiurim.yutorah.net/2011/1109/762681.MP3?redirect=download.yutorah.org,,
22a,video,NotebookLM,https://youtu.be/fk4bn-QQsBM,76,Chullin 21a-22a: Sacrifice Algorithm
22a,video,NotebookLM,https://youtu.be/jC2MqsGbxH4,77,Chullin 22a: Hermeneutics of the Altar
22a,video,NotebookLM,https://youtu.be/wyeTneq-F7c,78,Chullin 22a: Halakhic Taxonomy
22a,video,NotebookLM,https://youtu.be/fYIbz9m3ws8,79,Chullin 22a-b: Avian Ritual Taxonomy
22b,video,NotebookLM,https://youtu.be/fYIbz9m3ws8,79,Chullin 22a-b: Avian Ritual Taxonomy
22b,video,NotebookLM,https://youtu.be/iKPY_Szbqnw,80,Chullin 22b-23a: Ontological Taint
23a,audio,Rabbi Aryeh Lebowitz,https://shiurim.yutorah.net/2011/1109/762694.MP3?redirect=download.yutorah.org,,
23a,video,NotebookLM,https://youtu.be/iKPY_Szbqnw,80,Chullin 22b-23a: Ontological Taint
23a,video,NotebookLM,https://youtu.be/crmoH_qelVs,81,Chullin 23a-b: The Ontology of the Palges -- Navigating Legal Uncertainty
23b,video,NotebookLM,https://youtu.be/crmoH_qelVs,81,Chullin 23a-b: The Ontology of the Palges -- Navigating Legal Uncertainty
23b,video,NotebookLM,https://youtu.be/k0ciPqt9Cy8,82,Chullin 23b: Rabbi Zeira's Dilemma
23b,video,NotebookLM,https://youtu.be/2Ox-5vsEbKM,83,Chullin 23b: Inverse Ritual Architecture
23b,video,NotebookLM,https://youtu.be/isn3cin0yfQ,84,Chullin 23b-24a:  Symmetrical Paradox
24a,audio,Rabbi Aryeh Lebowitz,https://shiurim.yutorah.net/2026/1109/1177007.MP3?redirect=download.yutorah.org,,
24a,video,NotebookLM,https://youtu.be/isn3cin0yfQ,84,Chullin 23b-24a:  Symmetrical Paradox
24a,video,NotebookLM,https://youtu.be/Rr7lyXqljyc,85,Chullin 24a:  The Halakhic Equation
24a,video,NotebookLM,https://youtu.be/itXMbfaTN6A,86,Chullin 24a-b:  Temple Personnel Policies
24b,video,NotebookLM,https://youtu.be/itXMbfaTN6A,86,Chullin 24a-b:  Temple Personnel Policies
24b,video,NotebookLM,https://youtu.be/t55IPE4i4VM,87,Chullin 24b:  The Symmetry of Purity
24b,video,NotebookLM,https://youtu.be/t4ZU1vcnFcM,88,Chullin 24b-25a: The Earthenware Paradox
25a,audio,Rabbi Aryeh Lebowitz,https://shiurim.yutorah.net/2026/1109/1177122.MP3?redirect=download.yutorah.org,,
25a,video,NotebookLM,https://youtu.be/t4ZU1vcnFcM,88,Chullin 24b-25a: The Earthenware Paradox
25a,video,NotebookLM,https://youtu.be/XzGdOA1EI00,89,Chullin 25a: Symmetry of Purity
25a,video,NotebookLM,https://youtu.be/UnjlajzuGiA,90,Chullin 25a-b: Material Purity Mechanics
25b,video,NotebookLM,https://youtu.be/UnjlajzuGiA,90,Chullin 25a-b: Material Purity Mechanics
25b,video,NotebookLM,https://youtu.be/keg1mpdK7sA,91,Chullin 25b: The Almond Paradox
25b,video,NotebookLM,https://youtu.be/GKKgZoVu4nw,92,Chullin 25b: Almond Tithe Mechanics
25b,video,NotebookLM,https://youtu.be/SbsekccuMSw,93,Chullin 25b: Legal Metamorphosis
25b,video,NotebookLM,https://youtu.be/5fB-1DjchE0,94,Chullin 25b-26a:  Grape Residue Chemistry
26a,audio,Rabbi Aryeh Lebowitz,https://shiurim.yutorah.net/2026/1109/1177241.MP3?redirect=download.yutorah.org,,
26a,video,NotebookLM,https://youtu.be/5fB-1DjchE0,94,Chullin 25b-26a:  Grape Residue Chemistry
26a,video,NotebookLM,https://youtu.be/9iGiaKCkm9Y,95,Chullin 26a: Halakhic Retroactivity
26a,video,NotebookLM,https://youtu.be/l-QyNr4t4Pc,96,Chullin 26a:  Purifying Mixtures
26b,video,NotebookLM,https://youtu.be/l-QyNr4t4Pc,96,Chullin 26a:  Purifying Mixtures
26b,video,NotebookLM,https://youtu.be/Es5bYbxztKY,97,Chullin 26b:  Halakhic Mutual Exclusion
26b,video,NotebookLM,https://youtu.be/N4XQ7hFWJD4,98,Chullin 26b: Anatomy of a Legal Paradox
26b,video,NotebookLM,https://youtu.be/45awfd7iveE,99,Chullin 26b:  Symmetry in Talmudic Law
26b,video,NotebookLM,https://youtu.be/KiGlse1cGUc,100,Chullin 26b:  Legal   Biological Boundaries
26b,video,NotebookLM,https://youtu.be/wJh5Wm2Neck,101,Chullin 26b: The Liturgical Paradox
26b,video,NotebookLM,https://youtu.be/CVTo3G1YmEU,102,Chullin 26b:  Acoustics of Sacred Time
26b,video,NotebookLM,https://youtu.be/UXIThXIntxk,103,Chullin 26b: The Cosmic Syntax
27a,audio,Rabbi Aryeh Lebowitz,https://shiurim.yutorah.net/2026/1109/1177341.MP3?redirect=download.yutorah.org,,
27a,video,NotebookLM,https://youtu.be/zjVDwRFYXgw,104,Chullin 27a: The Razor’s Edge -- The Mathematical Anatomy of Chullin
27a,video,NotebookLM,https://youtu.be/mOiSau6T0cE,105,Chullin 27a:  Grammatical Deduction
27a,video,NotebookLM,https://youtu.be/XzK2HBYeUac,106,Chullin 27a-b:  The Anatomy of the Law
27b,video,NotebookLM,https://youtu.be/XzK2HBYeUac,106,Chullin 27a-b:  The Anatomy of the Law
27b,video,NotebookLM,https://youtu.be/-duA9jNUY6E,107,Chullin 27b:  Avian Taxonomy
27b,video,NotebookLM,https://youtu.be/bq5mhdABu40,108,Chullin 27b-28a: Avian Slaughter Laws
28a,audio,Rabbi Aryeh Lebowitz,https://shiurim.yutorah.net/2026/1109/1177473.MP3?redirect=download.yutorah.org,,
28a,video,NotebookLM,https://youtu.be/bq5mhdABu40,108,Chullin 27b-28a: Avian Slaughter Laws
28a,video,NotebookLM,https://youtu.be/EWpJPSPMtOY,109,Chullin 28a-b: Avian Forensics
28b,video,NotebookLM,https://youtu.be/EWpJPSPMtOY,109,Chullin 28a-b: Avian Forensics
28b,video,NotebookLM,https://youtu.be/_p9MxyLsYbk,110,Chullin 28b: The Vein Requirement
28b,video,NotebookLM,https://youtu.be/lH8vEpX0V2s,111,Chullin 28b-29a: The Halakhic Math of Half
29a,audio,Rabbi Aryeh Lebowitz,https://shiurim.yutorah.net/2026/1109/1177675.MP3?redirect=download.yutorah.org,,
29a,video,NotebookLM,https://youtu.be/lH8vEpX0V2s,111,Chullin 28b-29a: The Halakhic Math of Half
29a,video,NotebookLM,https://youtu.be/8rWlzWVEr9Y,112,Chullin 29a-b: Textual Forensics
29b,video,NotebookLM,https://youtu.be/8rWlzWVEr9Y,112,Chullin 29a-b: Textual Forensics
29b,video,NotebookLM,https://youtu.be/ZaKCMaNQ3CI,113,Chullin 29b-30a:  Legal Chronology of Slaughter
30a,audio,Rabbi Aryeh Lebowitz,https://shiurim.yutorah.net/2018/1109/914266.MP3?redirect=download.yutorah.org,,
30a,video,NotebookLM,https://youtu.be/ZaKCMaNQ3CI,113,Chullin 29b-30a:  Legal Chronology of Slaughter
30a,video,NotebookLM,https://youtu.be/rs8D3K0_mCM,114,Chullin 30b:  Kinematics of the Blade
30b,video,NotebookLM,https://youtu.be/rs8D3K0_mCM,114,Chullin 30b:  Kinematics of the Blade
30b,video,NotebookLM,https://youtu.be/Lmc_d3XDwT8,115,Chullin 30b:  Mechanics of Concealment
30b,video,NotebookLM,https://youtu.be/7i9mZ0_WzgY,116,Chullin 30b:  Kinematics of the Blade
30b,video,NotebookLM,https://youtu.be/55k_lnHdXiE,117,Chullin 30b-31a:  Avian Ballistics
31a,audio,Rabbi Aryeh Lebowitz,https://shiurim.yutorah.net/2011/1109/762926.MP3?redirect=download.yutorah.org,,
31a,video,NotebookLM,https://youtu.be/55k_lnHdXiE,117,Chullin 30b-31a:  Avian Ballistics
31a,video,NotebookLM,https://youtu.be/2tLmzhcz1oA,118,Chullin 31a:  Blade Length Proof
31a,video,NotebookLM,https://youtu.be/aJV4clWaU48,119,Chullin 31a:  Geometry of the Scalpel
31a,video,NotebookLM,https://youtu.be/w2F72eJ97rk,120,Chullin 31a:  Agency   Intent in Slaughter
31a,video,NotebookLM,https://youtu.be/W28h9Hme5QA,121,Chullin 31a:  The Architecture of Intent
31a,video,NotebookLM,https://youtu.be/9fcjJ1Z3Ub0,122,Chullin 31a-32a:  The Architecture of Intent
31b,video,NotebookLM,https://youtu.be/9fcjJ1Z3Ub0,122,Chullin 31a-32a:  The Architecture of Intent
32a,audio,Rabbi Aryeh Lebowitz,https://shiurim.yutorah.net/2011/1109/762952.MP3?redirect=download.yutorah.org,,
32a,video,NotebookLM,https://youtu.be/9fcjJ1Z3Ub0,122,Chullin 31a-32a:  The Architecture of Intent
32a,video,NotebookLM,https://youtu.be/T2rnGJzcZ9M,123,Chullin 32a:  Ritual Continuity Metrics
32a,video,NotebookLM,https://youtu.be/77935Uex6vQ,124,Chullin 32a: The Chronometrics of Interruption
32a,video,NotebookLM,https://youtu.be/qfbnmITkKD0,126,Chullin 32a: Standardizing Time
32a,video,NotebookLM,https://youtu.be/2e7qnLNzyhI,127,Chullin 32a: Ritual Slaughter Errors
32a,video,NotebookLM,https://youtu.be/TXG7UBbVWDs,128,Chullin 32a-b: Textual Dialectic
32b,video,NotebookLM,https://youtu.be/TXG7UBbVWDs,128,Chullin 32a-b: Textual Dialectic
33a,audio,Rabbi Aryeh Lebowitz,https://shiurim.yutorah.net/2011/1109/762984.MP3?redirect=download.yutorah.org,,
33a,video,NotebookLM,https://youtu.be/6reOYaQmGws,130,Chullin 33a: Legal & Biological Reality
33a,video,NotebookLM,https://youtu.be/_xqSsi7cwzo,131,Chullin 33a: The Bloodless Slaughter
33a,video,NotebookLM,https://youtu.be/BG8aic9UOd4,132,Chullin 33a-34a: Impurity & Food Sanctity
33b,video,NotebookLM,https://youtu.be/BG8aic9UOd4,132,Chullin 33a-34a: Impurity & Food Sanctity
34a,audio,Rabbi Aryeh Lebowitz,https://shiurim.yutorah.net/2018/1109/914487.MP3?redirect=download.yutorah.org,,
34a,video,NotebookLM,https://youtu.be/BG8aic9UOd4,132,Chullin 33a-34a: Impurity & Food Sanctity
34b,video,NotebookLM,https://youtu.be/MrM8qCqwXGU,133,Chullin 34b: Transfer of Impurity
34b,video,NotebookLM,https://youtu.be/AiBBaj1VKng,134,Chullin 34b-35a: Purity & Teruma Consumption
35a,audio,Rabbi Aryeh Lebowitz,https://shiurim.yutorah.net/2019/1109/914603.MP3?redirect=download.yutorah.org,,
35a,video,NotebookLM,https://youtu.be/AiBBaj1VKng,134,Chullin 34b-35a: Purity & Teruma Consumption
35a,video,NotebookLM,https://youtu.be/cWRCq0hrsYQ,135,Chullin 35a-b: Relativity of Purity
35b,video,NotebookLM,https://youtu.be/cWRCq0hrsYQ,135,Chullin 35a-b: Relativity of Purity
35b,video,NotebookLM,https://youtu.be/wB9e05ow5no,136,Chullin 35b: Slaughter & Ritual Impurity
36a,audio,Rabbi Aryeh Lebowitz,https://shiurim.yutorah.net/2019/1109/914650.MP3?redirect=download.yutorah.org,,
36a,video,NotebookLM,https://youtu.be/j1U6iqjUbmk,137,Chullin 36a: The Splashed Gourd
36a,video,NotebookLM,https://youtu.be/ejALRao6XWM,138,Chullin 36a-37a: A Talmudic Dilemma
36b,video,NotebookLM,https://youtu.be/ejALRao6XWM,138,Chullin 36a-37a: A Talmudic Dilemma
37a,audio,Rabbi Aryeh Lebowitz,https://shiurim.yutorah.net/2019/1109/914755.MP3?redirect=download.yutorah.org,,
37a,video,NotebookLM,https://youtu.be/ejALRao6XWM,138,Chullin 36a-37a: A Talmudic Dilemma
37a,video,NotebookLM,https://youtu.be/Y0-KeV6RJd4,139,Chullin 37a: Metrics of Imminent Death
37a,video,NotebookLM,https://youtu.be/XYm_QN3xSI4,140,Chullin 37a-b: Law of Imminent Death
37b,video,NotebookLM,https://youtu.be/XYm_QN3xSI4,140,Chullin 37a-b: Law of Imminent Death
37b,video,NotebookLM,https://youtu.be/PIOVL4apiWg,141,Chullin 37b-38a: Imminent Death Tests
38a,audio,Rabbi Aryeh Lebowitz,https://shiurim.yutorah.net/2019/1109/914851.MP3?redirect=download.yutorah.org,,
38a,video,NotebookLM,https://youtu.be/PIOVL4apiWg,141,Chullin 37b-38a: Imminent Death Tests
38a,video,NotebookLM,https://youtu.be/TD-m5Nw0KHo,142,Chullin 38a-b: Timing the Spark
38b,video,NotebookLM,https://youtu.be/TD-m5Nw0KHo,142,Chullin 38a-b: Timing the Spark
38b,video,NotebookLM,https://youtu.be/Js7iyaphuOg,143,Chullin 38b: Defining Vitality
38b,video,NotebookLM,https://youtu.be/5hL-luO1vyo,144,Chullin 38b: Intent in the Mishna
38b,video,NotebookLM,https://youtu.be/gXOmu-6ofF0,145,Chullin 38b-39a: The Intent of the Owner
39a,audio,Rabbi Aryeh Lebowitz,https://shiurim.yutorah.net/2011/1109/763142.MP3?redirect=download.yutorah.org,,
39a,video,NotebookLM,https://youtu.be/gXOmu-6ofF0,145,Chullin 38b-39a: The Intent of the Owner
39a,video,NotebookLM,https://youtu.be/ERsMNZWf524,146,Chullin 39a-b: The Architecture of Intent: Temporal and Jurisdictional Tr
39b,video,NotebookLM,https://youtu.be/ERsMNZWf524,146,Chullin 39a-b: The Architecture of Intent: Temporal and Jurisdictional Tr
39b,video,NotebookLM,https://youtu.be/iOISX89VW0A,147,"Chullin 39b: Insight Engine: Agency, Ownership, and Coercion in Ritual"
39b,video,NotebookLM,https://youtu.be/7hbcY31Zh-I,148,Chullin 39b-40a: Architecture of Intent
40a,audio,Rabbi Aryeh Lebowitz,https://shiurim.yutorah.net/2019/1109/914904.MP3?redirect=download.yutorah.org,,
40a,video,NotebookLM,https://youtu.be/7hbcY31Zh-I,148,Chullin 39b-40a: Architecture of Intent
40a,video,NotebookLM,https://youtu.be/xETPRL2N1U0,149,Chullin 40a: The Ontology of Intent
40a,video,NotebookLM,https://youtu.be/bOKcTPdS4OE,150,Chullin 40a-41a: Halakhic Liability Analysis
40b,video,NotebookLM,https://youtu.be/bOKcTPdS4OE,150,Chullin 40a-41a: Halakhic Liability Analysis
41a,audio,Rabbi Aryeh Lebowitz,https://shiurim.yutorah.net/2019/1109/914966.MP3?redirect=download.yutorah.org,,
41a,video,NotebookLM,https://youtu.be/bOKcTPdS4OE,150,Chullin 40a-41a: Halakhic Liability Analysis
41a,video,NotebookLM,https://youtu.be/VMcxjpW3rDw,151,Chullin 41a: Spatial Regulations
41b,video,NotebookLM,https://youtu.be/LfTqoTdrmrc,152,Chullin 41b: The Optics of Idolatry
41b,video,NotebookLM,https://youtu.be/JAl60xA-_rQ,153,Chullin 41b: The Problem of the Small Hole
41b,video,NotebookLM,https://youtu.be/1NGOYRqhQsM,154,Chullin 41b: Legal Power: Chullin 41b
41b,video,NotebookLM,https://youtu.be/CPy7kg68OLE,155,Chullin 41b: Illicit Sacrifices
41b,video,NotebookLM,https://youtu.be/d6FI4zDS9AU,156,Chullin 41b-42a: Public vs Private Vows
42a,audio,Rabbi Aryeh Lebowitz,https://shiurim.yutorah.net/2019/1109/915024.MP3?redirect=download.yutorah.org,,
42a,video,NotebookLM,https://youtu.be/d6FI4zDS9AU,156,Chullin 41b-42a: Public vs Private Vows
42a,video,NotebookLM,https://youtu.be/yLXcWn2C2i4,157,Chullin 42a: Fatal Defects in Anatomy
42a,video,NotebookLM,https://youtu.be/GOgraQg2_zw,158,Chullin 42a-b: The 18 Fatal Defects
42b,video,NotebookLM,https://youtu.be/GOgraQg2_zw,158,Chullin 42a-b: The 18 Fatal Defects
43a,audio,Menachem Kagan,https://shiurim.yutorah.net/2019/971/915095.MP3?redirect=download.yutorah.org,,
43a,video,NotebookLM,https://youtu.be/X2f_nrmc_fs,159,Chullin 43a: Ulla s Taxonomy
43a,video,NotebookLM,https://youtu.be/rMSNxmVnoTk,160,Chullin 43a: Perforated Organ Law
43a,video,NotebookLM,https://youtu.be/YRUwhv99gwA,161,Chullin 43a: Natural Law vs Miracles
43a,video,NotebookLM,https://youtu.be/_mHewPuASUg,162,Chullin 43a: Liver & Gallbladder Rulings
43a,video,NotebookLM,https://youtu.be/XCHw2IiT-Ek,163,Chullin 43a: Gullet and Gizzard
43a,video,NotebookLM,https://youtu.be/Q0wpa7gMJlY,164,Chullin 43a-b: Inspecting the Gullet
43b,video,NotebookLM,https://youtu.be/Q0wpa7gMJlY,164,Chullin 43a-b: Inspecting the Gullet
43b,video,NotebookLM,https://youtu.be/6QhQqz2GvEE,165,Chullin 43b-44a: Entrance of the Gullet
44a,audio,Rabbi Aryeh Lebowitz,https://shiurim.yutorah.net/2019/1109/915197.MP3?redirect=download.yutorah.org,,
44a,video,NotebookLM,https://youtu.be/6QhQqz2GvEE,165,Chullin 43b-44a: Entrance of the Gullet
44a,video,NotebookLM,https://youtu.be/ZfJsWwmm2iY,166,Chullin 44a: The Detached Jaw
44a,video,NotebookLM,https://youtu.be/uvZvX_H-uww,167,Chullin 44a-b: Anatomy of a Ruling
44b,video,NotebookLM,https://youtu.be/uvZvX_H-uww,167,Chullin 44a-b: Anatomy of a Ruling
45a,audio,Rabbi Aryeh Lebowitz,https://shiurim.yutorah.net/2019/1109/915294.MP3?redirect=download.yutorah.org,,
46a,audio,Michael Fruchter,https://shiurim.yutorah.net/2011/971/763270.MP3?redirect=download.yutorah.org,,
47a,audio,Rabbi Aryeh Lebowitz,https://shiurim.yutorah.net/2011/1109/763282.MP3?redirect=download.yutorah.org,,
48a,audio,Elisha Graff,https://shiurim.yutorah.net/2019/63830/915434.MP3?redirect=download.yutorah.org,,
49a,audio,Rabbi Aryeh Lebowitz,https://shiurim.yutorah.net/2011/1109/763284.MP3?redirect=download.yutorah.org,,
50a,audio,Rabbi Aryeh Lebowitz,https://shiurim.yutorah.net/2011/1109/763289.MP3?redirect=download.yutorah.org,,
51a,audio,Elisha Graff,https://shiurim.yutorah.net/2019/63830/915683.MP3?redirect=download.yutorah.org,,
52a,audio,Rabbi Ben Sugerman,https://shiurim.yutorah.net/2019/25593/915785.MP3?redirect=download.yutorah.org,,
53a,audio,Michael Fruchter,https://shiurim.yutorah.net/2011/971/763328.MP3?redirect=download.yutorah.org,,
54a,audio,Rabbi Aryeh Lebowitz,https://shiurim.yutorah.net/2019/1109/915831.MP3?redirect=download.yutorah.org,,
55a,audio,Rabbi Aryeh Lebowitz,https://shiurim.yutorah.net/2019/1109/915897.MP3?redirect=download.yutorah.org,,
56a,audio,Rabbi Aryeh Lebowitz,https://shiurim.yutorah.net/2019/1109/915974.MP3?redirect=download.yutorah.org,,
57a,audio,Rabbi Aryeh Lebowitz,https://shiurim.yutorah.net/2019/1109/916100.MP3?redirect=download.yutorah.org,,
58a,audio,Rabbi Aryeh Lebowitz,https://shiurim.yutorah.net/2019/1109/916228.MP3?redirect=download.yutorah.org,,
59a,audio,Rabbi Aryeh Lebowitz,https://shiurim.yutorah.net/2019/1109/916305.MP3?redirect=download.yutorah.org,,
60a,audio,Rabbi Aryeh Lebowitz,https://shiurim.yutorah.net/2011/1109/763431.MP3?redirect=download.yutorah.org,,
61a,audio,Rabbi Aryeh Lebowitz,https://shiurim.yutorah.net/2019/1109/916358.MP3?redirect=download.yutorah.org,,
62a,audio,Rabbi Aryeh Lebowitz,https://shiurim.yutorah.net/2019/1109/916423.MP3?redirect=download.yutorah.org,,
63a,audio,Rabbi Aryeh Lebowitz,https://shiurim.yutorah.net/2019/1109/916529.MP3?redirect=download.yutorah.org,,
64a,audio,Rabbi Aryeh Lebowitz,https://shiurim.yutorah.net/2019/1109/916652.MP3?redirect=download.yutorah.org,,
65a,audio,Rabbi Aryeh Lebowitz,https://shiurim.yutorah.net/2019/1109/916749.MP3?redirect=download.yutorah.org,,
66a,audio,Rabbi Aryeh Lebowitz,https://shiurim.yutorah.net/2011/1109/763459.MP3?redirect=download.yutorah.org,,
67a,audio,Rabbi Aryeh Lebowitz,https://shiurim.yutorah.net/2011/1109/763503.MP3?redirect=download.yutorah.org,,
68a,audio,Rabbi Aryeh Lebowitz,https://shiurim.yutorah.net/2011/1109/763567.MP3?redirect=download.yutorah.org,,
69a,audio,Rabbi Aryeh Lebowitz,https://shiurim.yutorah.net/2019/1109/917063.MP3?redirect=download.yutorah.org,,
70a,audio,Rabbi Aryeh Lebowitz,https://shiurim.yutorah.net/2019/1109/917158.MP3?redirect=download.yutorah.org,,
71a,audio,Rabbi Aryeh Lebowitz,https://shiurim.yutorah.net/2019/1109/917266.MP3?redirect=download.yutorah.org,,
72a,audio,Rabbi Aryeh Lebowitz,https://shiurim.yutorah.net/2019/1109/917387.MP3?redirect=download.yutorah.org,,
73a,audio,Rabbi Aryeh Lebowitz,https://shiurim.yutorah.net/2019/1109/917496.MP3?redirect=download.yutorah.org,,
74a,audio,Rabbi Aryeh Lebowitz,https://shiurim.yutorah.net/2011/1109/763742.MP3?redirect=download.yutorah.org,,
75a,audio,Rabbi Aryeh Lebowitz,https://shiurim.yutorah.net/2019/1109/917558.MP3?redirect=download.yutorah.org,,
76a,audio,Rabbi Aryeh Lebowitz,https://shiurim.yutorah.net/2019/1109/917650.MP3?redirect=download.yutorah.org,,
77a,audio,Rabbi Aryeh Lebowitz,https://shiurim.yutorah.net/2019/1109/917752.MP3?redirect=download.yutorah.org,,
78a,audio,Rabbi Aryeh Lebowitz,https://shiurim.yutorah.net/2019/1109/917853.MP3?redirect=download.yutorah.org,,
79a,audio,Rabbi Aryeh Lebowitz,https://shiurim.yutorah.net/2019/1109/917956.MP3?redirect=download.yutorah.org,,
80a,audio,Rabbi Aryeh Lebowitz,https://shiurim.yutorah.net/2011/1109/763941.MP3?redirect=download.yutorah.org,,
81a,audio,Rabbi Aryeh Lebowitz,https://shiurim.yutorah.net/2011/1109/763976.MP3?redirect=download.yutorah.org,,
82a,audio,Rabbi Aryeh Lebowitz,https://shiurim.yutorah.net/2011/1109/764028.MP3?redirect=download.yutorah.org,,
83a,audio,Rabbi Aryeh Lebowitz,https://shiurim.yutorah.net/2019/1109/918224.MP3?redirect=download.yutorah.org,,
84a,audio,Rabbi Aryeh Lebowitz,https://shiurim.yutorah.net/2019/1109/918365.MP3?redirect=download.yutorah.org,,
85a,audio,Rabbi Aryeh Lebowitz,https://shiurim.yutorah.net/2019/1109/918488.MP3?redirect=download.yutorah.org,,
86a,audio,Rabbi Aryeh Lebowitz,https://shiurim.yutorah.net/2019/1109/918584.MP3?redirect=download.yutorah.org,,
87a,audio,Rabbi Aryeh Lebowitz,https://shiurim.yutorah.net/2019/1109/918683.MP3?redirect=download.yutorah.org,,
88a,audio,Rabbi Aryeh Lebowitz,https://shiurim.yutorah.net/2011/1109/764249.MP3?redirect=download.yutorah.org,,
89a,audio,Rabbi Aryeh Lebowitz,https://shiurim.yutorah.net/2019/1109/918749.MP3?redirect=download.yutorah.org,,
90a,audio,Rabbi Aryeh Lebowitz,https://shiurim.yutorah.net/2019/1109/918835.MP3?redirect=download.yutorah.org,,
91a,audio,Rabbi Aryeh Lebowitz,https://shiurim.yutorah.net/2019/1109/918967.MP3?redirect=download.yutorah.org,,
92a,audio,Rabbi Aryeh Lebowitz,https://shiurim.yutorah.net/2019/1109/919073.MP3?redirect=download.yutorah.org,,
93a,audio,Rabbi Aryeh Lebowitz,https://shiurim.yutorah.net/2019/1109/919167.MP3?redirect=download.yutorah.org,,
94a,audio,Rabbi Aryeh Lebowitz,https://shiurim.yutorah.net/2019/1109/919299.MP3?redirect=download.yutorah.org,,
95a,audio,Rabbi Simon Wolf,https://shiurim.yutorah.net/2019/14945/919415.MP3?redirect=download.yutorah.org,,
96a,audio,Rabbi Aryeh Lebowitz,https://shiurim.yutorah.net/2019/1109/919380.MP3?redirect=download.yutorah.org,,
97a,audio,Rabbi Aryeh Lebowitz,https://shiurim.yutorah.net/2019/1109/919472.MP3?redirect=download.yutorah.org,,
98a,audio,Rabbi Aryeh Lebowitz,https://shiurim.yutorah.net/2019/1109/919567.MP3?redirect=download.yutorah.org,,
99a,audio,Rabbi Aryeh Lebowitz,https://shiurim.yutorah.net/2019/1109/919701.MP3?redirect=download.yutorah.org,,
100a,audio,Rabbi Aryeh Lebowitz,https://shiurim.yutorah.net/2019/1109/919819.MP3?redirect=download.yutorah.org,,
101a,audio,Rabbi Aryeh Lebowitz,https://shiurim.yutorah.net/2019/1109/919969.MP3?redirect=download.yutorah.org,,
102a,audio,Rabbi Aryeh Lebowitz,https://shiurim.yutorah.net/2011/1109/764692.MP3?redirect=download.yutorah.org,,
103a,audio,Rabbi Aryeh Lebowitz,https://shiurim.yutorah.net/2019/1109/920022.MP3?redirect=download.yutorah.org,,
104a,audio,Rabbi Aryeh Lebowitz,https://shiurim.yutorah.net/2019/1109/920103.MP3?redirect=download.yutorah.org,,
105a,audio,Rabbi Aryeh Lebowitz,https://shiurim.yutorah.net/2019/1109/920243.MP3?redirect=download.yutorah.org,,
106a,audio,Rabbi Aryeh Lebowitz,https://shiurim.yutorah.net/2019/1109/920365.MP3?redirect=download.yutorah.org,,
107a,audio,Rabbi Aryeh Lebowitz,https://shiurim.yutorah.net/2019/1109/920497.MP3?redirect=download.yutorah.org,,
108a,audio,Rabbi Aryeh Lebowitz,https://shiurim.yutorah.net/2019/1109/920626.MP3?redirect=download.yutorah.org,,
109a,audio,Rabbi Moshe D. Tendler,https://shiurim.yutorah.net/2011/5863/766371.MP3?redirect=download.yutorah.org,,
110a,audio,Rabbi Aryeh Lebowitz,https://shiurim.yutorah.net/2019/1109/920694.MP3?redirect=download.yutorah.org,,
111a,audio,Rabbi Aryeh Lebowitz,https://shiurim.yutorah.net/2019/1109/920779.MP3?redirect=download.yutorah.org,,
112a,audio,Rabbi Aryeh Lebowitz,https://shiurim.yutorah.net/2019/1109/920878.MP3?redirect=download.yutorah.org,,
113a,audio,Rabbi Aryeh Lebowitz,https://shiurim.yutorah.net/2019/1109/920997.MP3?redirect=download.yutorah.org,,
114a,audio,Rabbi Aryeh Lebowitz,https://shiurim.yutorah.net/2019/1109/921074.MP3?redirect=download.yutorah.org,,
115a,audio,Rabbi Aryeh Lebowitz,https://shiurim.yutorah.net/2019/1109/921117.MP3?redirect=download.yutorah.org,,
116a,audio,Rabbi Simon Wolf,https://shiurim.yutorah.net/2019/14945/921184.MP3?redirect=download.yutorah.org,,
117a,audio,Rabbi Aryeh Lebowitz,https://shiurim.yutorah.net/2019/1109/921148.MP3?redirect=download.yutorah.org,,
118a,audio,Rabbi Aryeh Lebowitz,https://shiurim.yutorah.net/2019/1109/921208.MP3?redirect=download.yutorah.org,,
119a,audio,Rabbi Aryeh Lebowitz,https://shiurim.yutorah.net/2019/1109/921273.MP3?redirect=download.yutorah.org,,
120a,audio,Rabbi Aryeh Lebowitz,https://shiurim.yutorah.net/2019/1109/921372.MP3?redirect=download.yutorah.org,,
121a,audio,Rabbi Aryeh Lebowitz,https://shiurim.yutorah.net/2019/1109/921503.MP3?redirect=download.yutorah.org,,
122a,audio,Rabbi Aryeh Lebowitz,https://shiurim.yutorah.net/2019/1109/921622.MP3?redirect=download.yutorah.org,,
123a,audio,Rabbi Aryeh Lebowitz,https://shiurim.yutorah.net/2011/1109/764988.MP3?redirect=download.yutorah.org,,
124a,audio,Rabbi Aryeh Lebowitz,https://shiurim.yutorah.net/2019/1109/921687.MP3?redirect=download.yutorah.org,,
125a,audio,Rabbi Aryeh Lebowitz,https://shiurim.yutorah.net/2019/1109/921760.MP3?redirect=download.yutorah.org,,
126a,audio,Rabbi Aryeh Lebowitz,https://shiurim.yutorah.net/2019/1109/921868.MP3?redirect=download.yutorah.org,,
127a,audio,Rabbi Aryeh Lebowitz,https://shiurim.yutorah.net/2019/1109/921973.MP3?redirect=download.yutorah.org,,
128a,audio,Rabbi Aryeh Lebowitz,https://shiurim.yutorah.net/2019/1109/922064.MP3?redirect=download.yutorah.org,,
129a,audio,Rabbi Aryeh Lebowitz,https://shiurim.yutorah.net/2019/1109/922195.MP3?redirect=download.yutorah.org,,
130a,audio,Rabbi Aryeh Lebowitz,https://shiurim.yutorah.net/2011/1109/765200.MP3?redirect=download.yutorah.org,,
131a,audio,Rabbi Aryeh Lebowitz,https://shiurim.yutorah.net/2019/1109/922268.MP3?redirect=download.yutorah.org,,
132a,audio,Rabbi Aryeh Lebowitz,https://shiurim.yutorah.net/2019/1109/922336.MP3?redirect=download.yutorah.org,,
133a,audio,Rabbi Aryeh Lebowitz,https://shiurim.yutorah.net/2019/1109/922423.MP3?redirect=download.yutorah.org,,
134a,audio,Rabbi Aryeh Lebowitz,https://shiurim.yutorah.net/2019/1109/922691.MP3?redirect=download.yutorah.org,,
135a,audio,Rabbi Aryeh Lebowitz,https://shiurim.yutorah.net/2019/1109/922621.MP3?redirect=download.yutorah.org,,
136a,audio,Rabbi Aryeh Lebowitz,https://shiurim.yutorah.net/2019/1109/922749.MP3?redirect=download.yutorah.org,,
137a,audio,Rabbi Aryeh Lebowitz,https://shiurim.yutorah.net/2011/1109/765470.MP3?redirect=download.yutorah.org,,
138a,audio,Rabbi Aryeh Lebowitz,https://shiurim.yutorah.net/2019/1109/922826.MP3?redirect=download.yutorah.org,,
139a,audio,Rabbi Aryeh Lebowitz,https://shiurim.yutorah.net/2019/1109/922887.MP3?redirect=download.yutorah.org,,
140a,audio,Rabbi Aryeh Lebowitz,https://shiurim.yutorah.net/2019/1109/922997.MP3?redirect=download.yutorah.org,,
141a,audio,Rabbi Aryeh Lebowitz,https://shiurim.yutorah.net/2011/1109/765602.MP3?redirect=download.yutorah.org,,
142a,audio,Rabbi Aryeh Lebowitz,https://shiurim.yutorah.net/2019/1109/923182.MP3?redirect=download.yutorah.org,,
45a,video,NotebookLM,https://youtu.be/WlXWKLpCH18,168,"Chullin 45a: Windpipe Anatomy Rules"
45a,video,NotebookLM,https://youtu.be/Bi7nyLwLLds,169,"Chullin 45a: Anatomy of Neck & Breast"
45a,video,NotebookLM,https://youtu.be/yYguK-U3-xA,170,"Chullin 45a-b: The Brain Membrane"
45b,video,NotebookLM,https://youtu.be/yYguK-U3-xA,170,"Chullin 45a-b: The Brain Membrane"
45b,video,NotebookLM,https://youtu.be/EVdMEKm6X3o,171,"Chullin 45b: The Perforated Heart"
45b,video,NotebookLM,https://youtu.be/0li-9Hh7NlA,172,"Chullin 45b: The Aorta Defect Debate"
45b,video,NotebookLM,https://youtu.be/QH22vKETLvA,173,"Chullin 45b: Severed Spinal Anatomy"
45b,video,NotebookLM,https://youtu.be/YlHs-7zhvv8,174,"Chullin 45b: Qualitative Pathology of the Spinal Cord: Structural Integ"
45b,video,NotebookLM,https://youtu.be/mpt_fKZLQtg,175,"Chullin 45b-46a: Mapping the Spinal Cord"
46a,video,NotebookLM,https://youtu.be/mpt_fKZLQtg,175,"Chullin 45b-46a: Mapping the Spinal Cord"
46a,video,NotebookLM,https://youtu.be/r0xHTOe-yik,176,"Chullin 46a: Partially Removed Liver"
46a,video,NotebookLM,https://youtu.be/5zHIpppNgfY,177,"Chullin 46a-b: Diagnosing Perforations"
46b,video,NotebookLM,https://youtu.be/5zHIpppNgfY,177,"Chullin 46a-b: Diagnosing Perforations"
46b,video,NotebookLM,https://youtu.be/BqlI3FS-ZZw,178,"Chullin 46b: Lung Deterioration & Law"
46b,video,NotebookLM,https://youtu.be/tadwXRrkA4w,179,"Chullin 46b-47a: Rava s Lung Diagnostics"
47a,video,NotebookLM,https://youtu.be/tadwXRrkA4w,179,"Chullin 46b-47a: Rava s Lung Diagnostics"
47a,video,NotebookLM,https://youtu.be/PODweojQ_og,180,"Chullin 47a-b: Mapping Lung Lobes"
47b,video,NotebookLM,https://youtu.be/PODweojQ_og,180,"Chullin 47a-b: Mapping Lung Lobes"
47b,video,NotebookLM,https://youtu.be/5m0rPtoHrbA,181,"Chullin 47b: The Chip of Wood"
47b,video,NotebookLM,https://youtu.be/pHB0zsHsFhk,182,"Chullin 47b: Ancient Lung Diagnostics"
47b,video,NotebookLM,https://youtu.be/j1s6EFYTv28,183,"Chullin 47b: Physics of Lung Inspection"
47b,video,NotebookLM,https://youtu.be/0a7polaMYms,184,"Chullin 47b-48a: Analyzing Lung Deficiencies"
48a,video,NotebookLM,https://youtu.be/0a7polaMYms,184,"Chullin 47b-48a: Analyzing Lung Deficiencies"
48a,video,NotebookLM,https://youtu.be/BSHGHjlSq8w,185,"Chullin 48a: Evaluating Lung Defects"
48a,video,NotebookLM,https://youtu.be/5SRVC5xRjf0,186,"Chullin 48a: Anatomy of a Legal Ruling"
48a,video,NotebookLM,https://youtu.be/T8anZz-6KUw,187,"Chullin 48a-b: Lungs, Cysts, & Markets"
48b,video,NotebookLM,https://youtu.be/T8anZz-6KUw,187,"Chullin 48a-b: Lungs, Cysts, & Markets"
48b,video,NotebookLM,https://youtu.be/89V7RsGS6Cg,188,"Chullin 48b: Needle in the Lung"
48b,video,NotebookLM,https://youtu.be/qBGtUaJqwpM,189,"Chullin 48b-49a: Anatomical Logic"
49a,video,NotebookLM,https://youtu.be/qBGtUaJqwpM,189,"Chullin 48b-49a: Anatomical Logic"
49a,video,NotebookLM,https://youtu.be/1EbBupdPnHc,190,"Chullin 49a: The Price of Illumination"
49a,video,NotebookLM,https://youtu.be/I7DaZXL9hC8,191,"Chullin 49a: The Post-Mortem Paradox"
49a,video,NotebookLM,https://youtu.be/mM6rk7BVE4w,192,"Chullin 49a: The Perforated Lung"
49a,video,NotebookLM,https://youtu.be/ennkqA8rXnM,193,"Chullin 49a-b: Fat on the Abomasum"
49b,video,NotebookLM,https://youtu.be/ennkqA8rXnM,193,"Chullin 49a-b: Fat on the Abomasum"
49b,video,NotebookLM,https://youtu.be/GVbvCb5KX4k,194,"Chullin 49b: Anatomy & Economics"
49b,video,NotebookLM,https://youtu.be/1IBMtHYB6aw,195,"Chullin 49b-50a: Anatomy & Law: Abomasum Fats"
50a,video,NotebookLM,https://youtu.be/1IBMtHYB6aw,195,"Chullin 49b-50a: Anatomy & Law: Abomasum Fats"
50a,video,NotebookLM,https://youtu.be/zcqyHi7UIv8,196,"Chullin 50a: Anatomy, Mourning, & Law"
50a,video,NotebookLM,https://youtu.be/MYgvVSAaZ3E,197,"Chullin 50a: Forensic Anatomy"
50a,video,NotebookLM,https://youtu.be/FvcyPY3Thc8,198,"Chullin 50a-b: Anatomy of a Seal"
50b,video,NotebookLM,https://youtu.be/FvcyPY3Thc8,198,"Chullin 50a-b: Anatomy of a Seal"
50b,video,NotebookLM,https://youtu.be/6tK2_J9b3DA,199,"Chullin 50b: Anatomy of the Rumen"
50b,video,NotebookLM,https://youtu.be/cxsi51EG_ao,200,"Chullin 50b: Rumen Geometry"
50b,video,NotebookLM,https://youtu.be/Za_TV9-d3kA,201,"Chullin 50b-51a: Reticulum Forensics"
51a,video,NotebookLM,https://youtu.be/Za_TV9-d3kA,201,"Chullin 50b-51a: Reticulum Forensics"
51a,video,NotebookLM,https://youtu.be/y-10MKgRwFc,202,"Chullin 51a: The Logic of Impact"
51a,video,NotebookLM,https://youtu.be/t5yE9cmVqeA,203,"Chullin 51a-b: Testing Shattered Limbs"
51b,video,NotebookLM,https://youtu.be/t5yE9cmVqeA,203,"Chullin 51a-b: Testing Shattered Limbs"
51b,video,NotebookLM,https://youtu.be/E9KGFMalf4w,204,"Chullin 51b: The Falling Bull"
51b,video,NotebookLM,https://youtu.be/KgNDmrRMvA0,205,"Chullin 51b: Diagnosing the Fall"
51b,video,NotebookLM,https://youtu.be/LvF_xbO7GF4,206,"Chullin 51b: Anatomy of a Fall"
51b,video,NotebookLM,https://youtu.be/iSfUklEc4bY,207,"Chullin 51b-52a: Diagnosing the Fall"
52a,video,NotebookLM,https://youtu.be/iSfUklEc4bY,207,"Chullin 51b-52a: Diagnosing the Fall"
52a,video,NotebookLM,https://youtu.be/QZtseWRPiUA,208,"Chullin 52a: Fractured Rib Criteria"
52a,video,NotebookLM,https://youtu.be/NWU60R7VxTQ,209,"Chullin 52a: Legal Limit of Life"
52a,video,NotebookLM,https://youtu.be/Ogng4xbC2Ek,210,"Chullin 52a-b: Shmuel s Fatal Defects"
52b,video,NotebookLM,https://youtu.be/Ogng4xbC2Ek,210,"Chullin 52a-b: Shmuel s Fatal Defects"
52b,video,NotebookLM,https://youtu.be/GFt2BZiHZt8,212,"Chullin 52b-53a: Predatory Clawing"
53a,video,NotebookLM,https://youtu.be/GFt2BZiHZt8,212,"Chullin 52b-53a: Predatory Clawing"
53a,video,NotebookLM,https://youtu.be/GNFT1OhyW6c,213,"Chullin 53a: Legal Logic of Clawing"
53a,video,NotebookLM,https://youtu.be/k0GjzLpncyM,214,"Chullin 53a: Animal Clawing Traditions"
53a,video,NotebookLM,https://youtu.be/Z_zpVa4_l_c,215,"Chullin 53a: Fatal Clawing Rules"
53a,video,NotebookLM,https://youtu.be/fqfUhIc2iOw,216,"Chullin 53a: Legal Logic of Lion & Ox"
53a,video,NotebookLM,https://youtu.be/XtvcK8MNlsc,217,"Chullin 53a-b: Law of the Unknown"
53b,video,NotebookLM,https://youtu.be/XtvcK8MNlsc,217,"Chullin 53a-b: Law of the Unknown"
53b,video,NotebookLM,https://youtu.be/xFKyzD2S7Vw,218,"Chullin 53b-54a: Clawing Inspections"
54a,video,NotebookLM,https://youtu.be/xFKyzD2S7Vw,218,"Chullin 53b-54a: Clawing Inspections"
54a,video,NotebookLM,https://youtu.be/0Y9Dbd2g3DU,219,"Chullin 54a: Legal Bounds of Fatal Defects"
54a,video,NotebookLM,https://youtu.be/4kJz5e38Xbk,220,"Chullin 54a: Kosher Anatomical Defects"
54a,video,NotebookLM,https://youtu.be/FDEfC_xfBZo,221,"Chullin 54a-b: The Dislocated Femur"
54b,video,NotebookLM,https://youtu.be/FDEfC_xfBZo,221,"Chullin 54a-b: The Dislocated Femur"
54b,video,NotebookLM,https://youtu.be/XJUlJ4Lh7Zw,222,"Chullin 54b: Ancient Law Explained"
54b,video,NotebookLM,https://youtu.be/RKY-8YX6jLQ,223,"Chullin 54b-55a: The Boundary of: Until"
55a,video,NotebookLM,https://youtu.be/RKY-8YX6jLQ,223,"Chullin 54b-55a: The Boundary of: Until"
55a,video,NotebookLM,https://youtu.be/7IafjeZ5M8M,224,"Chullin 55a: Legal Status of the Spleen"
55a,video,NotebookLM,https://youtu.be/OmtAsDQPKKc,225,"Chullin 55a-b: Anatomical Thresholds"
55b,video,NotebookLM,https://youtu.be/OmtAsDQPKKc,225,"Chullin 55a-b: Anatomical Thresholds"
55b,video,NotebookLM,https://youtu.be/kiRvAdo5Z0M,226,"Chullin 55b: Lung vs"
55b,video,NotebookLM,https://youtu.be/RUCWwR0FwCs,227,"Chullin 55b: Anatomy of a Fatal Defect"
55b,video,NotebookLM,https://youtu.be/5tfTwBJhbeY,228,"Chullin 55b: Halakhic Status: Removed Womb"
55b,video,NotebookLM,https://youtu.be/jskb2u1ZPS4,229,"Chullin 55b: Ancient Legal Diagnostics"
55b,video,NotebookLM,https://youtu.be/Y9Wr_Uj0h2k,230,"Chullin 55b-56a: Removed Hide: Legal Anatomy"
56a,video,NotebookLM,https://youtu.be/Y9Wr_Uj0h2k,230,"Chullin 55b-56a: Removed Hide: Legal Anatomy"
56a,video,NotebookLM,https://youtu.be/NRgGHgMIo5s,231,"Chullin 56a: Fatal Defects in Birds"
56a,video,NotebookLM,https://youtu.be/C-S0XXZMrpQ,232,"Chullin 56a-b: Forensic Anatomy: The Brain Membrane Dilemma"
56b,video,NotebookLM,https://youtu.be/C-S0XXZMrpQ,232,"Chullin 56a-b: Forensic Anatomy: The Brain Membrane Dilemma"
56b,video,NotebookLM,https://youtu.be/CljZJJf5S3E,233,"Chullin 56b: Thermal Trauma Diagnostics: Unmasking the Invisible"
