page,resource_type,author,url
2a,video,NotebookLM,https://www.youtube.com/watch?v=rx1kg0LMNcc
2a,audio,Rabbi Aryeh Lebowitz,https://shiurim.yutorah.net/2018/1109/905473.MP3
2b,video,NotebookLM,https://www.youtube.com/watch?v=7B1ub2bJfRU
2b,video,NotebookLM,https://www.youtube.com/watch?v=m1kUH9joapA
3a,video,NotebookLM,https://www.youtube.com/watch?v=7B1ub2bJfRU
3a,audio,Rabbi Aryeh Lebowitz,https://shiurim.yutorah.net/2018/1109/905508.MP3
4a,video,NotebookLM,https://www.youtube.com/watch?v=ZurN8JYVC1g
4a,audio,Rabbi Aryeh Lebowitz,https://shiurim.yutorah.net/2018/1109/905544.MP3
4b,video,NotebookLM,https://www.youtube.com/watch?v=P7kGRydLbuY
5a,video,NotebookLM,https://www.youtube.com/watch?v=v0d28nRZSeg
5a,video,NotebookLM,https://www.youtube.com/watch?v=P7kGRydLbuY
5a,audio,Rabbi Aryeh Lebowitz,https://shiurim.yutorah.net/2018/1109/905611.MP3
5b,video,NotebookLM,https://www.youtube.com/watch?v=oNAVgcjS9jw
5b,video,NotebookLM,https://www.youtube.com/watch?v=sXiua_kd-j4
5b,video,NotebookLM,https://www.youtube.com/watch?v=v0d28nRZSeg
6a,video,NotebookLM,https://www.youtube.com/watch?v=Yt2VGKSJnAk
6a,video,NotebookLM,https://www.youtube.com/watch?v=SM3KyCuML_g
6a,video,NotebookLM,https://www.youtube.com/watch?v=oNAVgcjS9jw
6a,audio,Rabbi Aryeh Lebowitz,https://shiurim.yutorah.net/2018/1109/905670.MP3
6b,video,NotebookLM,https://www.youtube.com/watch?v=tg32aaHti0g
6b,video,NotebookLM,https://www.youtube.com/watch?v=SFXiFI4RTl0
6b,video,NotebookLM,https://www.youtube.com/watch?v=Yt2VGKSJnAk
7a,video,NotebookLM,https://www.youtube.com/watch?v=_DLLzJTPHR8
7a,video,NotebookLM,https://www.youtube.com/watch?v=tg32aaHti0g
7a,audio,Rabbi Aryeh Lebowitz,https://shiurim.yutorah.net/2018/1109/905713.MP3
7b,video,NotebookLM,https://www.youtube.com/watch?v=jeyQ8kVzyvo
7b,video,NotebookLM,https://www.youtube.com/watch?v=lob2jlsdThs
7b,video,NotebookLM,https://www.youtube.com/watch?v=_DLLzJTPHR8
8a,video,NotebookLM,https://www.youtube.com/watch?v=8mBPJFaY_7o
8a,video,NotebookLM,https://www.youtube.com/watch?v=o_DVRBF2lac
8a,video,NotebookLM,https://www.youtube.com/watch?v=lob2jlsdThs
8b,video,NotebookLM,https://www.youtube.com/watch?v=C47e6KX_CG4
8b,video,NotebookLM,https://www.youtube.com/watch?v=8mBPJFaY_7o
9a,video,NotebookLM,https://www.youtube.com/watch?v=0YwOIiL45uw
9a,video,NotebookLM,https://www.youtube.com/watch?v=C47e6KX_CG4
9a,audio,Rabbi Aryeh Lebowitz,https://shiurim.yutorah.net/2018/1109/905762.MP3
9b,video,NotebookLM,https://www.youtube.com/watch?v=0YwOIiL45uw
9b,video,NotebookLM,https://www.youtube.com/watch?v=zzFrbGNnMVc
10a,video,NotebookLM,https://www.youtube.com/watch?v=bnZRsahMJLM
10a,video,NotebookLM,https://www.youtube.com/watch?v=zzFrbGNnMVc
10a,audio,Rabbi Aryeh Lebowitz,https://shiurim.yutorah.net/2018/1109/905795.MP3
10b,video,NotebookLM,https://www.youtube.com/watch?v=IyeC9qZaPRQ
10b,video,NotebookLM,https://www.youtube.com/watch?v=bnZRsahMJLM
11a,video,NotebookLM,https://www.youtube.com/watch?v=U8Fj-sGfQ0g
11a,video,NotebookLM,https://www.youtube.com/watch?v=Kz6joQJ_SdU
11a,video,NotebookLM,https://www.youtube.com/watch?v=IyeC9qZaPRQ
11a,audio,Rabbi Aryeh Lebowitz,https://shiurim.yutorah.net/2018/1109/905872.MP3
11b,video,NotebookLM,https://www.youtube.com/watch?v=U8Fj-sGfQ0g
11b,video,NotebookLM,https://www.youtube.com/watch?v=gWGP3dQfPPk
11b,video,NotebookLM,https://www.youtube.com/watch?v=GIlqxtitukc
12a,video,NotebookLM,https://www.youtube.com/watch?v=f0lr7o1xwPQ
12a,video,NotebookLM,https://www.youtube.com/watch?v=gWGP3dQfPPk
12a,audio,Rabbi Aryeh Lebowitz,https://shiurim.yutorah.net/2018/1109/905931.MP3
12b,video,NotebookLM,https://www.youtube.com/watch?v=f0lr7o1xwPQ
12b,video,NotebookLM,https://www.youtube.com/watch?v=VR6xKC-sqCA
13a,video,NotebookLM,https://www.youtube.com/watch?v=DH_c6q2oxlI
13a,video,NotebookLM,https://www.youtube.com/watch?v=VR6xKC-sqCA
13a,audio,Rabbi Aryeh Lebowitz,https://shiurim.yutorah.net/2018/1109/906016.MP3
13b,video,NotebookLM,https://www.youtube.com/watch?v=ISGWNyN1rH0
13b,video,NotebookLM,https://www.youtube.com/watch?v=9A9J5M4a10I
13b,video,NotebookLM,https://www.youtube.com/watch?v=DH_c6q2oxlI
14a,video,NotebookLM,https://www.youtube.com/watch?v=ISGWNyN1rH0
14a,audio,Rabbi Aryeh Lebowitz,https://shiurim.yutorah.net/2018/1109/906107.MP3
14b,video,NotebookLM,https://www.youtube.com/watch?v=uvWtp2jmD9U
14b,video,NotebookLM,https://www.youtube.com/watch?v=jGOCIXxHBYc
14b,video,NotebookLM,https://www.youtube.com/watch?v=ISGWNyN1rH0
15a,video,NotebookLM,https://www.youtube.com/watch?v=WlSQPkmyh9w
15a,video,NotebookLM,https://www.youtube.com/watch?v=AkFi_duLYnE
15a,video,NotebookLM,https://www.youtube.com/watch?v=uvWtp2jmD9U
15b,video,NotebookLM,https://www.youtube.com/watch?v=sjWnHdcPUPc
15b,video,NotebookLM,https://www.youtube.com/watch?v=WlSQPkmyh9w
16a,video,NotebookLM,https://www.youtube.com/watch?v=0nhEmQATtOA
16a,audio,Rabbi Aryeh Lebowitz,https://shiurim.yutorah.net/2018/1109/906159.MP3
16b,video,NotebookLM,https://www.youtube.com/watch?v=mXtA1PN6Ajc
16b,video,NotebookLM,https://www.youtube.com/watch?v=23xNObNz_0A
16b,video,NotebookLM,https://www.youtube.com/watch?v=tPBqF1Wi4TM
16b,video,NotebookLM,https://www.youtube.com/watch?v=BW9jl3HNQVg
17a,video,NotebookLM,https://www.youtube.com/watch?v=qSY-u2xMolA
17a,video,NotebookLM,https://www.youtube.com/watch?v=XdvmX66wxgU
17a,video,NotebookLM,https://www.youtube.com/watch?v=tsrSBh3abn4
17a,audio,Rabbi Aryeh Lebowitz,https://shiurim.yutorah.net/2018/1109/906187.MP3
17b,video,NotebookLM,https://www.youtube.com/watch?v=qSY-u2xMolA
18a,video,NotebookLM,https://www.youtube.com/watch?v=o03DKZsIN_Q
18a,video,NotebookLM,https://www.youtube.com/watch?v=qSY-u2xMolA
18a,audio,Rabbi Aryeh Lebowitz,https://shiurim.yutorah.net/2018/1109/906267.MP3
18b,video,NotebookLM,https://www.youtube.com/watch?v=2VA0bk7vEyE
18b,video,NotebookLM,https://www.youtube.com/watch?v=o03DKZsIN_Q
19a,video,NotebookLM,https://www.youtube.com/watch?v=bYwA7ntWA8M
19a,video,NotebookLM,https://www.youtube.com/watch?v=2VA0bk7vEyE
19a,audio,Rabbi Aryeh Lebowitz,https://shiurim.yutorah.net/2018/1109/906328.MP3
19b,video,NotebookLM,https://www.youtube.com/watch?v=c3b9kEuK2YA
20a,video,NotebookLM,https://www.youtube.com/watch?v=oZ1e4JNH7Pw
20a,video,NotebookLM,https://www.youtube.com/watch?v=aLkwxdBN5YI
20a,video,NotebookLM,https://www.youtube.com/watch?v=c3b9kEuK2YA
20a,audio,Rabbi Aryeh Lebowitz,https://shiurim.yutorah.net/2018/1109/906399.MP3
20b,video,NotebookLM,https://www.youtube.com/watch?v=oZ1e4JNH7Pw
20b,video,NotebookLM,https://www.youtube.com/watch?v=AJelXRdj9HE
21a,video,NotebookLM,https://www.youtube.com/watch?v=mWV9--Bb-XE
21a,video,NotebookLM,https://www.youtube.com/watch?v=YOITf48-CcM
21a,video,NotebookLM,https://www.youtube.com/watch?v=AJelXRdj9HE
21a,audio,Rabbi Aryeh Lebowitz,https://shiurim.yutorah.net/2018/1109/906501.MP3
21b,video,NotebookLM,https://www.youtube.com/watch?v=mWV9--Bb-XE
22a,video,NotebookLM,https://www.youtube.com/watch?v=eEEW-R_dkfY
22a,video,NotebookLM,https://www.youtube.com/watch?v=mWV9--Bb-XE
22b,video,NotebookLM,https://www.youtube.com/watch?v=eEEW-R_dkfY
23a,video,NotebookLM,https://www.youtube.com/watch?v=B4AX93GCzZY
23a,video,NotebookLM,https://www.youtube.com/watch?v=Q-ngmGfkvZw
23a,video,NotebookLM,https://www.youtube.com/watch?v=eEEW-R_dkfY
23a,audio,Rabbi Aryeh Lebowitz,https://shiurim.yutorah.net/2018/1109/906562.MP3
23b,video,NotebookLM,https://www.youtube.com/watch?v=TOZ-9te4xgc
23b,video,NotebookLM,https://www.youtube.com/watch?v=B4AX93GCzZY
24a,video,NotebookLM,https://www.youtube.com/watch?v=jTlzOB-pKR8
24a,video,NotebookLM,https://www.youtube.com/watch?v=TOZ-9te4xgc
24b,video,NotebookLM,https://www.youtube.com/watch?v=_KG-i0mExrQ
24b,video,NotebookLM,https://www.youtube.com/watch?v=jTlzOB-pKR8
25a,video,NotebookLM,https://www.youtube.com/watch?v=vEBb2_PBbb0
25a,video,NotebookLM,https://www.youtube.com/watch?v=XgDRC2nzSjI
25b,video,NotebookLM,https://www.youtube.com/watch?v=vEBb2_PBbb0
26a,video,NotebookLM,https://www.youtube.com/watch?v=rbwn40hFpkQ
26a,video,NotebookLM,https://www.youtube.com/watch?v=0FoWuuGWcG8
26a,video,NotebookLM,https://www.youtube.com/watch?v=vEBb2_PBbb0
26b,video,NotebookLM,https://www.youtube.com/watch?v=8oKydcWv7bk
26b,video,NotebookLM,https://www.youtube.com/watch?v=rbwn40hFpkQ
27a,video,NotebookLM,https://www.youtube.com/watch?v=Lpi_A0spzZk
27a,video,NotebookLM,https://www.youtube.com/watch?v=AwdCOYDLNfM
27a,video,NotebookLM,https://www.youtube.com/watch?v=iRjtdEBrRdE
27a,video,NotebookLM,https://www.youtube.com/watch?v=8oKydcWv7bk
27b,video,NotebookLM,https://www.youtube.com/watch?v=-DMtGszqLcI
27b,video,NotebookLM,https://www.youtube.com/watch?v=AwdCOYDLNfM
28a,video,NotebookLM,https://www.youtube.com/watch?v=Gzt2-X5mQZk
28a,video,NotebookLM,https://www.youtube.com/watch?v=DAAnpgwQHfU
28a,video,NotebookLM,https://www.youtube.com/watch?v=USqPM2WZkqM
28a,video,NotebookLM,https://www.youtube.com/watch?v=-DMtGszqLcI
28b,video,NotebookLM,https://www.youtube.com/watch?v=PGva0StJgYM
28b,video,NotebookLM,https://www.youtube.com/watch?v=Gzt2-X5mQZk
28b,video,NotebookLM,https://www.youtube.com/watch?v=arkTSsq-Mr4
29a,video,NotebookLM,https://www.youtube.com/watch?v=Q1gVTvh2IEM
29a,video,NotebookLM,https://www.youtube.com/watch?v=ZzF9dJj_2jE
29a,video,NotebookLM,https://www.youtube.com/watch?v=cGrVuaOGtfg
29a,video,NotebookLM,https://www.youtube.com/watch?v=cVj54Iq0SGE
29a,video,NotebookLM,https://www.youtube.com/watch?v=PGva0StJgYM
29b,video,NotebookLM,https://www.youtube.com/watch?v=SSgjoYDpRhM
29b,video,NotebookLM,https://www.youtube.com/watch?v=AcNYI3FroIs
29b,video,NotebookLM,https://www.youtube.com/watch?v=55ArQ9zjj04
29b,video,NotebookLM,https://www.youtube.com/watch?v=Q1gVTvh2IEM
30a,video,NotebookLM,https://www.youtube.com/watch?v=exloFjYaLWw
30a,video,NotebookLM,https://www.youtube.com/watch?v=SSgjoYDpRhM
30b,video,NotebookLM,https://www.youtube.com/watch?v=rrmOYeDS7KU
30b,video,NotebookLM,https://www.youtube.com/watch?v=exloFjYaLWw
31a,video,NotebookLM,https://www.youtube.com/watch?v=FeXxPY3g5s8
31a,video,NotebookLM,https://www.youtube.com/watch?v=rrmOYeDS7KU
31b,video,NotebookLM,https://www.youtube.com/watch?v=edhSGJOuHQs
31b,video,NotebookLM,https://www.youtube.com/watch?v=FeXxPY3g5s8
31b,video,NotebookLM,https://www.youtube.com/watch?v=VuRt8crrmxo
31b,video,NotebookLM,https://www.youtube.com/watch?v=4Dor438OuLA
32a,video,NotebookLM,https://www.youtube.com/watch?v=NNhW8wndWxE
32a,video,NotebookLM,https://www.youtube.com/watch?v=VuRt8crrmxo
32b,video,NotebookLM,https://www.youtube.com/watch?v=8T2Efx9_rfA
32b,video,NotebookLM,https://www.youtube.com/watch?v=NNhW8wndWxE
33a,video,NotebookLM,https://www.youtube.com/watch?v=rC5gxwIcw2Y
33a,video,NotebookLM,https://www.youtube.com/watch?v=8T2Efx9_rfA
33b,video,NotebookLM,https://www.youtube.com/watch?v=8A-mrf7KObI
33b,video,NotebookLM,https://www.youtube.com/watch?v=HZ6ZUbqyCVc
33b,video,NotebookLM,https://www.youtube.com/watch?v=Pr1X3Rfo1YQ
34a,video,NotebookLM,https://www.youtube.com/watch?v=8A-mrf7KObI
34a,video,NotebookLM,https://www.youtube.com/watch?v=EafsAzqy3x0
34a,video,NotebookLM,https://www.youtube.com/watch?v=bM97xilP_QQ
34b,video,NotebookLM,https://www.youtube.com/watch?v=DMSpR5NkxKQ
34b,video,NotebookLM,https://www.youtube.com/watch?v=J4zRJ1zMfBw
35a,video,NotebookLM,https://www.youtube.com/watch?v=yOPeSGlylmE
35a,video,NotebookLM,https://www.youtube.com/watch?v=RgwaaBtbeFI
35a,video,NotebookLM,https://www.youtube.com/watch?v=DMSpR5NkxKQ
35b,video,NotebookLM,https://www.youtube.com/watch?v=c_0o3zJxulg
35b,video,NotebookLM,https://www.youtube.com/watch?v=yOPeSGlylmE
36a,video,NotebookLM,https://www.youtube.com/watch?v=_nmcjxRehZc
36b,video,NotebookLM,https://www.youtube.com/watch?v=pOdTQsORUYI
36b,video,NotebookLM,https://www.youtube.com/watch?v=_nmcjxRehZc
37a,video,NotebookLM,https://www.youtube.com/watch?v=I7-lBz1mkoA
37a,video,NotebookLM,https://www.youtube.com/watch?v=pOdTQsORUYI
37b,video,NotebookLM,https://www.youtube.com/watch?v=FUznW26MWHg
37b,video,NotebookLM,https://www.youtube.com/watch?v=3QZPINYc9XQ
37b,video,NotebookLM,https://www.youtube.com/watch?v=I7-lBz1mkoA
38a,video,NotebookLM,https://www.youtube.com/watch?v=iQLClOQVNDs
38a,video,NotebookLM,https://www.youtube.com/watch?v=FUznW26MWHg
38b,video,NotebookLM,https://www.youtube.com/watch?v=iQLClOQVNDs
39a,video,NotebookLM,https://www.youtube.com/watch?v=Txy9kgocXcc
39a,video,NotebookLM,https://www.youtube.com/watch?v=oDwgeTqm_sw
39a,video,NotebookLM,https://www.youtube.com/watch?v=2Ws11nL_YFU
39a,video,NotebookLM,https://www.youtube.com/watch?v=iQLClOQVNDs
39b,video,NotebookLM,https://www.youtube.com/watch?v=Txy9kgocXcc
39b,video,NotebookLM,https://www.youtube.com/watch?v=Zlu-sIQj9ZY
40a,video,NotebookLM,https://www.youtube.com/watch?v=Zlu-sIQj9ZY
40b,video,NotebookLM,https://www.youtube.com/watch?v=AV2UU96leIs
40b,video,NotebookLM,https://www.youtube.com/watch?v=Zlu-sIQj9ZY
41a,video,NotebookLM,https://www.youtube.com/watch?v=hty3kXxvua8
41a,video,NotebookLM,https://www.youtube.com/watch?v=EWZgQtyZQNY
41a,video,NotebookLM,https://www.youtube.com/watch?v=AV2UU96leIs
41b,video,NotebookLM,https://www.youtube.com/watch?v=NCyqkGlYRLY
41b,video,NotebookLM,https://www.youtube.com/watch?v=hty3kXxvua8
42a,video,NotebookLM,https://www.youtube.com/watch?v=K2ngZn-aBd0
42a,video,NotebookLM,https://www.youtube.com/watch?v=6j_RonhGRAk
42a,video,NotebookLM,https://www.youtube.com/watch?v=NCyqkGlYRLY
42b,video,NotebookLM,https://www.youtube.com/watch?v=aJ0ELukyrIw
42b,video,NotebookLM,https://www.youtube.com/watch?v=K2ngZn-aBd0
43a,video,NotebookLM,https://www.youtube.com/watch?v=9o7Eri-0uAQ
43a,video,NotebookLM,https://www.youtube.com/watch?v=aJ0ELukyrIw
43b,video,NotebookLM,https://www.youtube.com/watch?v=9o7Eri-0uAQ
44a,video,NotebookLM,https://www.youtube.com/watch?v=jM2WanEvXwo
44a,video,NotebookLM,https://www.youtube.com/watch?v=XDpv6sZGMSU
44a,video,NotebookLM,https://www.youtube.com/watch?v=GVhy7rTs4tc
44a,video,NotebookLM,https://www.youtube.com/watch?v=9o7Eri-0uAQ
44b,video,NotebookLM,https://www.youtube.com/watch?v=sk8VFmmp4ts
44b,video,NotebookLM,https://www.youtube.com/watch?v=dCeFIxVjk-0
44b,video,NotebookLM,https://www.youtube.com/watch?v=DpI8c48b34Q
44b,video,NotebookLM,https://www.youtube.com/watch?v=jM2WanEvXwo
45a,video,NotebookLM,https://www.youtube.com/watch?v=d0bkiimdsOI
45a,video,NotebookLM,https://www.youtube.com/watch?v=qFtDxv7TKJs
45a,video,NotebookLM,https://www.youtube.com/watch?v=DIaGfFdTDcM
45a,video,NotebookLM,https://www.youtube.com/watch?v=SkNED4q8tHE
45a,video,NotebookLM,https://www.youtube.com/watch?v=3xzUt5cUH4Q
45a,video,NotebookLM,https://www.youtube.com/watch?v=sk8VFmmp4ts
45b,video,NotebookLM,https://www.youtube.com/watch?v=hCQD0lbp4nw
45b,video,NotebookLM,https://www.youtube.com/watch?v=HchSJc0Vat0
45b,video,NotebookLM,https://www.youtube.com/watch?v=fzKNbY87V-g
45b,video,NotebookLM,https://www.youtube.com/watch?v=d0bkiimdsOI
46a,video,NotebookLM,https://www.youtube.com/watch?v=ELFD43LDY3o
46a,video,NotebookLM,https://www.youtube.com/watch?v=hCQD0lbp4nw
46b,video,NotebookLM,https://www.youtube.com/watch?v=gKOdgiZTtE0
46b,video,NotebookLM,https://www.youtube.com/watch?v=3Cb0386cJTI
46b,video,NotebookLM,https://www.youtube.com/watch?v=ELFD43LDY3o
47a,video,NotebookLM,https://www.youtube.com/watch?v=mw3l3IMzBX8
47a,video,NotebookLM,https://www.youtube.com/watch?v=FE0W7rrHqr8
47a,video,NotebookLM,https://www.youtube.com/watch?v=Nk_SuxKsld0
47b,video,NotebookLM,https://www.youtube.com/watch?v=GtbjiGfQ6X0
47b,video,NotebookLM,https://www.youtube.com/watch?v=KTh_QF76g98
47b,video,NotebookLM,https://www.youtube.com/watch?v=mw3l3IMzBX8
48a,video,NotebookLM,https://www.youtube.com/watch?v=7zsYZOX-NHc
48a,video,NotebookLM,https://www.youtube.com/watch?v=RIkQ6teHJCE
48a,video,NotebookLM,https://www.youtube.com/watch?v=GtbjiGfQ6X0
48b,video,NotebookLM,https://www.youtube.com/watch?v=M9RpwR7RrH8
48b,video,NotebookLM,https://www.youtube.com/watch?v=7zsYZOX-NHc
49a,video,NotebookLM,https://www.youtube.com/watch?v=PT823sEcERE
49a,video,NotebookLM,https://www.youtube.com/watch?v=mU4qNmowZcc
49a,video,NotebookLM,https://www.youtube.com/watch?v=M9RpwR7RrH8
49b,video,NotebookLM,https://www.youtube.com/watch?v=ElqeUcGh1xs
49b,video,NotebookLM,https://www.youtube.com/watch?v=PT823sEcERE
50a,video,NotebookLM,https://www.youtube.com/watch?v=8mdXiYaWhBo
50a,video,NotebookLM,https://www.youtube.com/watch?v=CLpsoInLBlk
50a,video,NotebookLM,https://www.youtube.com/watch?v=6F2BrDATnao
50a,video,NotebookLM,https://www.youtube.com/watch?v=txcvH24TS5k
50a,video,NotebookLM,https://www.youtube.com/watch?v=ElqeUcGh1xs
50b,video,NotebookLM,https://www.youtube.com/watch?v=FAE9jSS2tXc
50b,video,NotebookLM,https://www.youtube.com/watch?v=zYcdcQe46rc
50b,video,NotebookLM,https://www.youtube.com/watch?v=1n4hTsCdh84
50b,video,NotebookLM,https://www.youtube.com/watch?v=8mdXiYaWhBo
50b,video,NotebookLM,https://www.youtube.com/watch?v=_EEK21TiHCM
51a,video,NotebookLM,https://www.youtube.com/watch?v=FAE9jSS2tXc
51b,video,NotebookLM,https://www.youtube.com/watch?v=F2dO0Hbzl4Q
51b,video,NotebookLM,https://www.youtube.com/watch?v=Mqrp5JNK--g
51b,video,NotebookLM,https://www.youtube.com/watch?v=FAE9jSS2tXc
52a,video,NotebookLM,https://www.youtube.com/watch?v=uwYBgQVrkIo
52a,video,NotebookLM,https://www.youtube.com/watch?v=GqN91y7AxU4
52a,video,NotebookLM,https://www.youtube.com/watch?v=Vzoz8c-xTrg
52a,video,NotebookLM,https://www.youtube.com/watch?v=F2dO0Hbzl4Q
52b,video,NotebookLM,https://www.youtube.com/watch?v=MAhDUC5j7G8
52b,video,NotebookLM,https://www.youtube.com/watch?v=uwYBgQVrkIo
53a,video,NotebookLM,https://www.youtube.com/watch?v=xZzQGt5spvQ
53a,video,NotebookLM,https://www.youtube.com/watch?v=MAhDUC5j7G8
53b,video,NotebookLM,https://www.youtube.com/watch?v=ayyotAJdPn8
53b,video,NotebookLM,https://www.youtube.com/watch?v=3tclRVa8ukA
53b,video,NotebookLM,https://www.youtube.com/watch?v=L-BZsBiFIVY
53b,video,NotebookLM,https://www.youtube.com/watch?v=xZzQGt5spvQ
54a,video,NotebookLM,https://www.youtube.com/watch?v=ayyotAJdPn8
54a,video,NotebookLM,https://www.youtube.com/watch?v=F9LhjQ-laXk
54a,video,NotebookLM,https://www.youtube.com/watch?v=Q9mdKh_Idc0
54b,video,NotebookLM,https://www.youtube.com/watch?v=mD-qAmsnFmo
54b,video,NotebookLM,https://www.youtube.com/watch?v=F9LhjQ-laXk
55a,video,NotebookLM,https://www.youtube.com/watch?v=bd79Yr1E9W4
55a,video,NotebookLM,https://www.youtube.com/watch?v=durvOrE-dLY
55a,video,NotebookLM,https://www.youtube.com/watch?v=mD-qAmsnFmo
55b,video,NotebookLM,https://www.youtube.com/watch?v=bd79Yr1E9W4
56a,video,NotebookLM,https://www.youtube.com/watch?v=UcK3N4ZIJOw
56a,video,NotebookLM,https://www.youtube.com/watch?v=cb32RNfwzoM
56a,video,NotebookLM,https://www.youtube.com/watch?v=bd79Yr1E9W4
56b,video,NotebookLM,https://www.youtube.com/watch?v=4R0fT-68b5k
56b,video,NotebookLM,https://www.youtube.com/watch?v=UcK3N4ZIJOw
57a,video,NotebookLM,https://www.youtube.com/watch?v=Sc5AIiYLKa0
57a,video,NotebookLM,https://www.youtube.com/watch?v=k0tc9W7oE28
57a,video,NotebookLM,https://www.youtube.com/watch?v=4R0fT-68b5k
57b,video,NotebookLM,https://www.youtube.com/watch?v=Cj5wj7IUBKY
57b,video,NotebookLM,https://www.youtube.com/watch?v=RC_jN9Oy7dI
57b,video,NotebookLM,https://www.youtube.com/watch?v=Sc5AIiYLKa0
58a,video,NotebookLM,https://www.youtube.com/watch?v=vg9RnfXXX80
58a,video,NotebookLM,https://www.youtube.com/watch?v=oXYJsI0dCiE
58a,video,NotebookLM,https://www.youtube.com/watch?v=Cj5wj7IUBKY
58b,video,NotebookLM,https://www.youtube.com/watch?v=b62ZZ3Ovc4g
58b,video,NotebookLM,https://www.youtube.com/watch?v=vg9RnfXXX80
59a,video,NotebookLM,https://www.youtube.com/watch?v=g_sCHp21wK8
59a,video,NotebookLM,https://www.youtube.com/watch?v=zeYt90jGmS4
59b,video,NotebookLM,https://www.youtube.com/watch?v=yaj9RvKNUh8
59b,video,NotebookLM,https://www.youtube.com/watch?v=5GOxyRKPG7s
59b,video,NotebookLM,https://www.youtube.com/watch?v=02xXMqgGdno
59b,video,NotebookLM,https://www.youtube.com/watch?v=pidrKQ-kbwM
59b,video,NotebookLM,https://www.youtube.com/watch?v=g_sCHp21wK8
60a,video,NotebookLM,https://www.youtube.com/watch?v=gZkJPGBaAVI
60a,video,NotebookLM,https://www.youtube.com/watch?v=yaj9RvKNUh8
60a,video,NotebookLM,https://www.youtube.com/watch?v=iMfe_syzxFE
60b,video,NotebookLM,https://www.youtube.com/watch?v=gZkJPGBaAVI
61a,video,NotebookLM,https://www.youtube.com/watch?v=X4667uHBVR8
61a,video,NotebookLM,https://www.youtube.com/watch?v=ok1UkPs5gKM
61a,video,NotebookLM,https://www.youtube.com/watch?v=gZkJPGBaAVI
61b,video,NotebookLM,https://www.youtube.com/watch?v=5S657yixFGo
61b,video,NotebookLM,https://www.youtube.com/watch?v=UwZo1LzGtAw
61b,video,NotebookLM,https://www.youtube.com/watch?v=X4667uHBVR8
62a,video,NotebookLM,https://www.youtube.com/watch?v=p8nF-thv_tQ
62a,video,NotebookLM,https://www.youtube.com/watch?v=Tc6x7a9-OYc
62a,video,NotebookLM,https://www.youtube.com/watch?v=uLIxziMHI0s
62a,video,NotebookLM,https://www.youtube.com/watch?v=5S657yixFGo
62b,video,NotebookLM,https://www.youtube.com/watch?v=HB7ioTsJNV8
62b,video,NotebookLM,https://www.youtube.com/watch?v=fhBumzilcHs
62b,video,NotebookLM,https://www.youtube.com/watch?v=p8nF-thv_tQ
63a,video,NotebookLM,https://www.youtube.com/watch?v=tAAAlQEzbRs
63a,video,NotebookLM,https://www.youtube.com/watch?v=GAr283cAWyQ
63a,video,NotebookLM,https://www.youtube.com/watch?v=bKIRKMnd2v8
63a,video,NotebookLM,https://www.youtube.com/watch?v=6kYO9dlcTAo
63b,video,NotebookLM,https://www.youtube.com/watch?v=fGic1i5_YLs
63b,video,NotebookLM,https://www.youtube.com/watch?v=2Ye7zK2_XaY
63b,video,NotebookLM,https://www.youtube.com/watch?v=tAAAlQEzbRs
64a,video,NotebookLM,https://www.youtube.com/watch?v=fGic1i5_YLs
64a,video,NotebookLM,https://www.youtube.com/watch?v=NK_jCMyOsQo
70a,video,NotebookLM,https://www.youtube.com/watch?v=UAskcDJBMOg
70a,video,NotebookLM,https://www.youtube.com/watch?v=AvNvhlQ89F8
70a,video,NotebookLM,https://www.youtube.com/watch?v=bVlfSR6kqA0
70b,video,NotebookLM,https://www.youtube.com/watch?v=FkPHzlBpLZY
70b,video,NotebookLM,https://www.youtube.com/watch?v=mTZHcAna4fA
70b,video,NotebookLM,https://www.youtube.com/watch?v=DOvDf1tZblY
70b,video,NotebookLM,https://www.youtube.com/watch?v=UAskcDJBMOg
71a,video,NotebookLM,https://www.youtube.com/watch?v=WMvkdinsykg
71a,video,NotebookLM,https://www.youtube.com/watch?v=2Mr7yIj9GBw
71a,video,NotebookLM,https://www.youtube.com/watch?v=FkPHzlBpLZY
71b,video,NotebookLM,https://www.youtube.com/watch?v=LXBcRogkrKQ
71b,video,NotebookLM,https://www.youtube.com/watch?v=WMvkdinsykg
72a,video,NotebookLM,https://www.youtube.com/watch?v=mMEGdzwUKmE
72a,video,NotebookLM,https://www.youtube.com/watch?v=24ic8T8vuq8
72a,video,NotebookLM,https://www.youtube.com/watch?v=7vhgv0AIS28
72a,video,NotebookLM,https://www.youtube.com/watch?v=tiOP-1Pf4ZY
72a,video,NotebookLM,https://www.youtube.com/watch?v=LXBcRogkrKQ
72b,video,NotebookLM,https://www.youtube.com/watch?v=OCLIpkYEac4
72b,video,NotebookLM,https://www.youtube.com/watch?v=K9ntGPWj0k8
72b,video,NotebookLM,https://www.youtube.com/watch?v=mMEGdzwUKmE
73a,video,NotebookLM,https://www.youtube.com/watch?v=qk9-EkIhnsA
73a,video,NotebookLM,https://www.youtube.com/watch?v=hdvEpJwAZTU
73a,video,NotebookLM,https://www.youtube.com/watch?v=OCLIpkYEac4
73b,video,NotebookLM,https://www.youtube.com/watch?v=QK04I33KEaw
73b,video,NotebookLM,https://www.youtube.com/watch?v=U-LRTsCgv60
73b,video,NotebookLM,https://www.youtube.com/watch?v=qk9-EkIhnsA
74a,video,NotebookLM,https://www.youtube.com/watch?v=Qs3inHzYoQg
74a,video,NotebookLM,https://www.youtube.com/watch?v=tTRKV6D-hq0
74a,video,NotebookLM,https://www.youtube.com/watch?v=KhjDT2Fo0rY
74a,video,NotebookLM,https://www.youtube.com/watch?v=Or4z1uRFlLc
74a,video,NotebookLM,https://www.youtube.com/watch?v=QK04I33KEaw
74b,video,NotebookLM,https://www.youtube.com/watch?v=511FPUYVWCE
74b,video,NotebookLM,https://www.youtube.com/watch?v=m4Npg6lU1Lw
74b,video,NotebookLM,https://www.youtube.com/watch?v=Qs3inHzYoQg
75a,video,NotebookLM,https://www.youtube.com/watch?v=8GrL6KF_PCc
75a,video,NotebookLM,https://www.youtube.com/watch?v=dbf_uezaqI0
75a,video,NotebookLM,https://www.youtube.com/watch?v=k5pNYqE_oos
75a,video,NotebookLM,https://www.youtube.com/watch?v=ZKUriOHO0bE
75a,video,NotebookLM,https://www.youtube.com/watch?v=511FPUYVWCE
75b,video,NotebookLM,https://www.youtube.com/watch?v=ZCovrKtbHz4
75b,video,NotebookLM,https://www.youtube.com/watch?v=8GrL6KF_PCc
